缘	yun4
峄	yik6
堭	wong4
肢	ji1
鋈	yuk1
饼	beng2
杖	jeung6
仂	lak6
寤	ng6
雙	seung1
泓	wang4
凼	tam5
则	jak1
湞	jing1
敕	chik1
遭	jou1
筳	yin4
罴	bei1
哲	jit3
阪	baan2
檬	mung1/mung4
赞	jaan3/jaan3
换	wun6
耔	ji2
纱	sa1
审	sam2
勗	huk1/yuk1
傳	chyun4/jyun6
贞	jing1
蓟	gai3
蚀	sik6/sit6
觱	bit1
钯	ba1/pa4
驮	to4
蘀	tok3
狒	fei6
纭	wan4
銣	yu4
兆	siu6/jiu6
残	chaan4/chaan1
懊	ou3
翯	hok6
販	faan3
饨	tan1
蘖	yit6
樅	chung1
咇	bat1
税	seui3
妗	kam5
鸸	yi4
樾	yut6
晖	fai1
妾	chip3
斋	jaai1/jai1
輛	leung2
圌	chyun2
菠	bo1
棉	min4
霰	sin3
鸽	gap3
蚶	ham1
祐	yau6
栀	ji1
邃	seui6
算	syun3
娆	yiu4
嘗	seung4
縛	bok3/fok3
伛	yu2
呒	m4
矗	chuk1
固	gu3
扶	fu4
戚	chik1/chik1
龆	tiu4
濔	nei5
印	yan3
抃	bin6
辽	liu4
獐	jeung1
斿	yau4
镌	jyun1
琤	jaang1/jang1/saang1
儂	nung4
鱧	lai5
齒	chi2
嘬	chaai3/jyut3
呻	san1
愀	chiu2
劉	lau4
賺	jaan6
陼	jyu2
嚴	yim4
畝	mau5
耶	ye4
梐	bai6
萃	seui6
慶	hing3
褂	gwa3
矚	juk1
汪	wong1
坜	lik6
藓	sin2
髀	bei2
木	muk6
吻	man5
夠	gau3
頗	po2/po1
扦	chin1
怨	yun3
劄	jaap3
觔	gan1
横	waang4
科	fo1
撤	chit3
釜	fu2
帑	nou4/tong2
嶔	yam1
僿	ji6
魊	wik6
槃	pun4
𡁻	ze6w
鉼	bang1/bing2
緬	min5
虎	fu2
枧	gaan2
内	noi6
痴	chi1/chi1
琳	lam4
毅	ngai6
奩	lim4
缩	suk1
銩	diu1
阴	yam1
继	gai3
掗	a3
姬	gei1
壓	aat3/ngaat3
駉	gwing1
誨	fui3
讹	ngo4
撩	liu4/liu1
团	tyun4/tyun4
转	jyun2/jyun3
赁	yam6
裕	yu6
年	nin4
鎞	bai1
鸿	hung4
埒	lyut3
霅	jip3
涬	hang6
鎊	bong2/bong6
州	jau1
噠	daat6
恙	yeung6
专	jyun1
瓮	ung3
侠	haap6/hap6
唇	seun4
瘉	yu6
笆	ba1
擦	chaat3
鲵	ngai4
职	jik1
穸	jik6
癧	lek6
晦	fui3
撒	saat3
細	sai3
枌	fan1
懨	yim1
挟	hip6/gaap3/gip6/haap6/hip6
砷	san1
矜	ging1/gwan1
粔	geui6
湑	seui1/seui2
櫸	geui2
貆	wun4
揸	ja1
嘭	paang1/baang4
盐	yim4
蛮	maan4
彿	fat1
高	gou1
钢	gong3/gong1
挡	dong2/dong3
阻	jo2
斫	jeuk3
醮	jiu3
勃	but6
惡	ngok3/ok3/wu3
矮	ai2/ngai2
庹	tok3
撏	cham4
椅	yi2
弦	yin4
侵	cham1
紐	nau2
总	jung2
軘	tyun4
恽	wan6
助	jo6
轫	yan6
見	gin3
孪	lyun4
礽	ying4
獍	ging3
党	dong2
盲	maang4
攣	lyun4
仄	jak1
嚕	lou1
熵	seung1
魦	sa1
哮	haau1
塘	tong4
衖	hong6/lung6
恟	hung1
炬	geui6
饥	gei1/gei1
怠	doi6/toi5
睎	hei1
蜥	sik1
嬾	laan5
鸝	lei4
莘	san1
剖	fau2/pau2
是	si6
刽	gui3/kui2
雅	nga5
煅	dyun3
眯	mei1/mai5/mei1/mai5
洴	ping4
编	pin1
獬	haai5
拜	baai3
斁	dou3/yik6
剄	ging2
禅	sim3/sin4/sin6
塲	cheung4
兮	hai4
羜	chyu5
节	jit3
泊	paak3/bok6
潢	wong4
按	on3
厖	pong4
妬	dou3
恨	han6
侬	nung4
編	pin1
起	hei2
啮	ngat6/yit6
爝	jeuk6
苯	bun2
尪	wong1
薊	gai3
萍	ping4
赖	laai6
籪	dyun6
絏	sit3
甦	sou1
旂	kei4
幵	gin1
琱	diu1
頁	yip6
舡	syun4
霤	lau6
滅	mit6
常	seung4
水	seui2
卦	gwa3
湅	lin6
滉	fong2
燐	leun4
邈	miu5
幫	bong1
譆	hei1
绋	fat1
粟	suk1
数	sou3/sou2
煞	saat3
验	yim6
首	sau2
汆	tan2
層	chang4
筇	kung4
忉	dou1/tou1
鼍	to4
詖	bei1/bei3
湎	min5
焦	jiu1
疎	so1
枣	jou2
唈	yap1
佈	bou3
泥	nai4
阗	tin4
嗓	song2
蹒	mun4
暮	mou6
璦	oi3
銳	yeui6
耸	sung2
嶢	yiu4
澳	ou3
虣	bou6
繚	liu4
搬	bun1
蜀	suk6
襏	but6
汹	hung1
數	sou3/sou2
氕	pit3
缗	man4/fan1
跸	bat1
慊	him3/hip3
坤	kwan1
曠	kwong3
橐	tok3
酺	pou4
飭	chik1
辛	san1
跲	gaap3
尽	jeun2/jeun6
擰	ning4/ning6
嫁	ga3
又	yau6
泻	se3/se2
陆	luk6
狗	gau2
枝	ji1
鍭	hau4
谅	leung6
徘	pui4
孖	ma1
行	hang4/haang4/hang6/hong4/hong2
扻	ham2
甀	zeoi6
曖	oi3
帻	jik1
肐	gat1
惎	gei6
下	ha6
螻	lau4
饐	yi3
衫	saam1/sam1
芡	him3
羡	sin6/sin6
膇	zeoi6
來	loi4
質	jat1/ji3
苻	fu4
鐨	fai3
題	tai4
孩	haai4
翹	kiu4
鉛	yun4
喫	hek3/yaak
贡	gung3
淄	ji1
逞	ching2
薐	ling4
猶	yau4
宙	jau6
设	chit3
郧	wan4
抚	fu2
嗿	taam2
詹	jim1
絫	leui4
襤	laam4
攉	fok3
琪	kei4
偓	ak1
劙	lei5
豺	chaai4
恤	seut1/seut1
雚	gun3
膴	mou5
內	noi6
昱	yuk1
慆	tou1
倪	ngai4
璊	mun4
億	yik1
銷	siu1
显	hin2
噎	yit3
閼	aat1/aat3/yin1
炒	chaau2
稈	gon2
欙	leui5
䜣	yan1
暋	man5
陀	to4
崞	gwok3
阹	keui1
媻	po4
逢	fung4
充	chung1
莺	ang1
坰	gwing1
莅	lei6
谇	seui6
絿	kau6
甕	ong3/ung3
瓯	au1
狽	bui3
艷	yim6
憝	deui6
丙	bing2
猿	yun4
鷖	yi1
滦	lyun4
鼫	sek6
鯔	ji1
家	ga1
嗙	pong3
饰	sik1
週	jau1
窿	lung4
脞	cho2
進	jeun3
彳	chik1
汀	ting1
蕣	seun3
桩	jong1
臾	yu4
鸥	au1
鲻	ji1
薪	san1
抿	man5
蝨	sat1
謗	pong3
圆	yun4
豌	wun1
笕	gan2
宜	yi4
欒	lyun4
筭	syun3
卑	bei1
视	si6
拮	git3
嘯	siu3
蘘	yeung4
側	jak1
弢	tou1
呡	man3
系	hai6/hai6/hai6
豎	syu6
剑	gim3
踼	dong6
闭	bai3
嗜	si3
汴	bin6
渌	luk6
浙	jit3
茷	fat6/pui3
鸛	gun3
诓	hong1
兑	deui3
完	yun4
牝	pan5
瓛	wun4
岁	seui3
殍	piu5
肅	suk1
额	ngaak6
轱	ku1
晃	fong2
僮	jung3/tung4
髆	bok3
瑾	gan2/gan6
禽	kam4
圛	yik6
崭	jaam2
茭	gaau1
顆	fo2
謔	yeuk6
荅	daap3
殀	yiu2
鶘	wu4
麑	ngai4
可	ho2
霂	muk6
晤	ng6
苴	zeoi1
閑	haan4
彼	bei2
蝙	bin1/bin2
渡	dou6
拇	mou5
鐸	dok6
粱	leung4
厹	kau2
卿	hing1
鋇	bui3
墟	heui1
窝	wo1
距	keui5/geui6
玻	bo1
窜	chyun3
咻	yau1
繄	yi1
绁	sit3
暢	cheung3
綰	waan2
錠	ding3
坯	pui1
丫	a1
堅	gin1
楰	yu4
氂	moi4
夥	fo2
觞	seung1
齏	jai1
俦	chau4
踢	tek3
揿	gam6
岳	ngok6/ngok6
偬	jung2
篱	lei4
踆	jeun3
薰	fan1
幾	gei2/gei1
畸	kei1/gei1
籠	lung4/lung5
唏	hei1
頑	wan4
豔	yim6
驴	leui4/lou4
倾	king1
髮	faat3
扊	yim5
橁	cheun4
頀	wu6
占	jim1/jim3
廣	gwong2
楄	pin4
沱	to4
鍍	dou6
奔	ban1
醜	chau2
淒	chai1
嚃	daap3
鼈	bit3
然	yin4
毘	pei3
獭	chaat3
曆	lik6
栊	lung4
㷫	hing3
绛	gong3
穆	muk6
撐	chaang1/chaang3
鼴	yin2
殭	geung1
篢	lung5
曰	yut6/yeuk6
躪	leun6
渢	fung1
缺	kyut3
浣	wun5
痠	syun1
泆	yat6
覯	gau3
糕	gou1
鵑	gyun1
蔻	kau3
轝	yu4
蚌	pong5
媒	mui4
喲	yo1
轾	ji3
脊	jik3
輹	fuk1
另	ling6
嘓	gwok3
菁	jing1
酷	huk6
伥	cheung1/chaang1
玩	wun6/waan2
惄	nik6
馈	gwai6
撅	kyut3
剌	laat6
阯	ji2
領	ling5/leng5
知	ji1/ji3
嚟	lai4
國	gwok3
辫	bin1
邦	bong1
煥	wun6
兗	yin5
韆	chin1
魈	siu1
獅	si1
纜	laam6
划	waak6/wa4
滷	lou5
斯	si1
託	tok3
哫	juk1
舛	chyun2
孻	laai1
堪	ham1
呬	hei3
槊	sok3
撰	jaan6/jaan6
泸	lou4
欣	yan1
嶡	kyut3
旋	syun4
峴	yin6
燊	san1
吔	ya3
揀	gaan2
籮	lo4
奈	noi6
鳜	gwai3
薄	bok6
凭	pang4
屎	si2
暌	kwai4
镦	deun1
喝	hot3
柏	paak3/baak3
烯	hei1
矢	chi2
躅	juk6
猥	wai2
貨	fo3
柞	ja6/jaak3/jok6
鋮	sing4
羼	chan3
她	ta1
徊	wui4
哢	lung6
罛	gu1
傴	yu2
栅	chaak3/saan1/saan3
犰	kau4
努	nou5
僂	lau4
芾	fai3/fat1
龠	yeuk6
蚡	fan4
谏	gaan3
到	dou3
忻	yan1
糲	lai6
芨	gap1
偵	jing1
區	keui1/au1
緘	gaam1
嚨	lung4
揃	jin1
蛎	lai6
铄	seuk3
奇	kei4
搭	daap3
醊	jyut3
囓	ngaat6/yit6
鄎	sik1
灺	che6
燭	juk1
老	lou5
蝶	dip6
榭	je6
腒	keui4
綍	but6
彭	pang4
呕	au2
鯠	loi4
窶	geui6/lau4
钱	chin2/chin4
齉	nung6
卌	se3
臭	chau3
韉	jin1
明	ming4
镤	buk6
铖	sing4
蛩	kung4
貢	gung3
嚎	hou4
胂	seun3
膵	seui6
鑌	ban1
腑	fu2
瀰	nei4
劬	keui4
燼	jeun6
埳	ham2
傺	chai3
钁	fok3
皁	jou6
碲	dai3
緎	wik6
軥	keui4
餘	yu4
尿	niu6
婐	gwo2
澈	chit3
鸵	to4
莠	yau5
蘼	mei4
禢	hyun1
铒	yi5
卟	buk1
軲	ku1
皺	jau3
籃	laam4
勩	yi6
錼	noi6
冇	mou5
眢	yun1
孛	but6
詔	jiu3
窃	sit3
珑	lung4
药	yeuk6
夾	gaap3/gaap2
呣	m2/m6
衬	chan3
鬒	jan2
濯	jok6
叠	dip6/daap6
鉞	yut6
权	kyun4
務	mou6
拒	keui5
默	mak6
煙	yin1
餽	gwai6
炔	kyut3
韘	sip3
痛	tung3
筒	tung2/tung4
混	wan6
臼	kau5/kau3
殳	syu4
击	gik1
銬	kaau3
鲡	lei4
刑	ying4
糠	hong1
岱	doi6
禎	jing1
箩	lo4
诿	wai2
婕	jit6
帔	pei3
咀	zeoi2
懋	mau6
璺	man6
缆	laam6
毂	guk1
淙	chung4
魘	yim2
竜	lung4
釅	yim6
蔟	chuk6
薘	daat6
妞	nau2
現	yin6
剕	fei6
灾	joi1
樣	yeung6
枞	chung1
熬	ngou4
擬	yi5
噁	ok3
瀣	haai6
鷙	ji3
闹	naau6
锣	lo4
諞	pin4
褐	hot3
狃	nau2
塚	chung2
谵	jim1
濾	leui6
亿	yik1
仔	jai2/ji2
叁	chaam1/sam1
紾	chan2
呶	naau4
贳	sai3
鱲	laap6/lip6
戁	naan2
眥	ji6
虑	leui6
贬	bin2
荻	dik6
藟	leui5
釬	hon6
塋	ying4
絁	si1
镣	liu4
帅	seui3
捡	gim2
舀	yiu5
咐	fu6
溥	pou2
亘	gang2
闲	haan4
妥	to5
嚭	pei2
镫	dang3
蘺	lei4
濟	jai3/jai2
愣	ling6
赎	suk6
楞	ling4
骋	ching2
囅	chin2
虜	lou5
脍	kui2
慘	chaam2
扯	che2
哀	oi1
噸	deun1
載	joi3/joi2
啤	be1/pe1
縰	saai2
蛙	wa1
骇	haai5/hoi4
曝	buk6
觼	kyut3
跺	do2
溱	jeun1
寬	fun1
赀	ji1
咮	jau3/jyu1
沛	pui3
玦	kyut3
酴	tou4
癈	fai3
碏	jeuk3
仕	si6
溏	tong4
頓	deun6/duk6
摭	jek3
流	lau4
皋	gou1
戛	aat3/gaat3
靈	ling4
吰	wang4
鵩	fuk6
跬	kwai2
槳	jeung2
凜	lam5
危	ngai4
湧	yung2
燦	chan3
蕞	zeoi3
瘧	yeuk6
翌	yik6
卫	wai6
袋	doi6/doi2
獠	liu4
焱	yim6
蟑	jeung1
晉	jeun3
榾	gwat1
窺	kwai1
搂	lau5/lau1/lau2/lau4
巳	ji6
趲	jaan2
閿	man4
悛	syun1
忠	jung1
但	daan6
苶	nip6
饲	ji6
垄	lung5
逍	siu1
饴	yi4
散	saan3/saan2
嬡	oi3
给	kap1
镄	fai3
弌	yat1
怜	lin4
臺	toi4
绠	gang2
燈	dang1
聽	teng1/ting1/ting3
徬	pong4
蒔	si4
攬	laam5
傞	cho1
隉	nip6
赌	dou2
杏	hang6
𦢊	pok1
琛	sam1
遇	yu6
铤	ting5
铜	tung4
哺	bou6/bou6
泖	maau5
频	pan4
迕	ng6
乙	yut6
縭	lei4
呲	ji1
毳	cheui3
驼	to4
搆	gau3/kau3
潿	wai4
揄	yu4
選	syun2
蠸	kyun4
棰	cheui4
阄	gau1
演	yin2
廿	ya6/nim6/ye6
玳	doi6
茇	baat6
轺	yiu4
缠	chin4/jin6
魔	mo1
浡	but6
茴	wui4
笳	ga1
庙	miu6
粺	baai6/bai6
埵	do2
篡	saan3
愤	fan5
易	yi6/yik6
漪	yi1
嚄	o2
茔	ying4
傩	no4
騋	loi6
餐	chaan1
麝	se6
厉	lai6
揽	laam5
链	lin6
穠	nung4
砰	ping1
耷	dap1
鰓	soi1
官	gun1
埙	hyun1
芸	wan4
虷	hon4
滯	jai6
狠	han2
邽	gwai1
寂	jik6
窑	yiu4
姝	jyu1/syu1
崦	yim1
肺	fai3
据	geui1/geui3
涒	wan1
脉	mak6
汍	yun4
笠	lap1
零	ling4
痄	ja3
矍	fok3
狭	haap6/gip6
困	kwan3/kwan3/kwan2
霸	ba3
踉	leung4/leung6
艰	gaan1
斂	lim6
鋘	ng4
恢	fui1
獝	wat6
藻	jou2
红	hung4
陧	nip6
谓	wai6
缱	hin2
翏	liu6
殈	gwik1
钾	gaap3
娩	min5
輮	yau4
挦	cham4
羑	yau5
褙	bui3
兄	hing1
賻	fu6
丕	pei1
耍	sa2
芻	cho1
適	sik1
忑	tik1
鬍	wu4
纪	gei2/gei3
咏	wing6
第	dai6
詶	chau4
舻	lou4
棱	ling4
裉	kang3
衽	yam5
諳	am1
欵	fun2
垚	yiu1
蹎	din1
新	san1
駝	to4
嘰	gei1
瀆	duk6
𥄫	gap6
甄	jan1/yan1
例	lai6
鑤	paau4
瓏	lung4
薏	yi3
厌	yim3
莎	sa1/so1
沥	lik6
紆	yu1
耑	dyun1/jyun1
螣	tang4
踵	dung2/jung2
駹	mong4
誼	yi4/yi6
鉻	gok3
祷	tou2
撦	che2
機	gei1
洽	hap6/ap1
琵	pei4
桌	cheuk3/jeuk3
暫	jaam6
媯	gwai1
鲷	diu1
序	zeoi6
蠐	chai4
妻	chai1
堑	chim3
茯	fuk6
孅	chim1
功	gung1
俄	ngo4
賤	jin6
嚼	jeuk6
螯	ngou4
锢	gu3
詆	dai2
稷	jik1
賊	chaak6
肏	chaau3
鴥	wat6
迿	seun3
秭	ji2
嫻	haan4
銦	yan1
膕	gwok6
韻	wan6
缳	waan4/waan6
黲	chaam2
碻	kok3
戋	jin1
皇	wong4
莿	chi3
嫵	mou5
芑	gei2
屄	bei1
彀	gau3
鼪	sang1
珈	ga1
读	duk6
跕	dim3
璀	cheui1
橿	geung1
檐	gim2/sim4/yim4
杕	dai6
剷	chaan2
瓢	piu4
弄	lung6
犒	hou3
鴷	lit6
柳	lau5
圃	bou2
伞	saan3
犺	kong3
菆	jau1
嘒	wai3
鬧	naau6
鋐	wang4
边	bin1
貸	taai3
詘	wat1
髻	gai3
齧	ngit6
貶	bin2
熟	suk6
啓	kai2
薶	maai4
钍	tou2
靿	aau3
旎	nei5
喽	lau1/lau4
鎢	wu1
镴	lap6
元	yun4
甲	gaap3
發	faat3
岚	laam4
鑀	oi3
近	gan6/kan5
书	syu1
匮	gwai6
璉	lin5
厨	chyu4/cheui4
鄶	kui2
考	haau2
秬	geui6
羝	dai1
搜	sau2/sau1
镭	leui4
帳	jeung3
倘	tong2/seung4
脑	nou5
焐	ng6
讅	sam2
淌	tong2
嬙	cheung4
認	ying6
欠	him3
貤	yi4
廋	sau1
胛	gaap3
梼	to4
趺	fu1
嫔	pan4
嫘	leui4
弰	saau1
萼	ngok6
廨	gaai3/haai6
璅	jou2
莞	gun2/gun1/wun5
欧	au1/ngau1
佼	gaau2
繭	gaan2
褘	fai1
諗	nam2
槠	jyu1
吒	ja1
搋	chai1/chi2
豨	hei1
晬	zeoi3
獞	tung4
幺	mo1
棬	hyun1
欲	yuk6/yuk6
巒	lyun4
鉭	daan3
腓	fei4
镝	dik1
癠	jai3
駡	ma6
聲	seng1/sing1
淳	seun4
索	sok3/saak3
棋	kei4
圖	tou4
阀	fat6
鬱	wat1
膃	wat1
贽	ji3
唪	fung2/ba6
脣	seun4
繇	yau4/yiu4
泝	sou3
瘦	sau3
挛	lyun4
貪	taam1
馒	maan4
佗	ta4
孱	chaan3/saan4
黮	taam5
鎚	cheui4
潝	yap1
含	ham4
廝	si1
茀	fat1
军	gwan1
倏	suk1
弹	daan2/daan6/taan4
鲞	seung2
嶽	ngok6
磽	haau1
奸	gaan1/gaan1
塽	song2
暗	am3/ngam3/am3
梯	tai1
遵	jeun1/jyun1
粉	fan2
齗	ngan4
紛	fan1
窊	wa1
厂	chong2
騙	pin3
篓	lau5
涂	tou4/tou4
齟	zeoi2
俜	ping1
衈	yi6
醰	taam4
冪	mik6
璟	ging2
戧	cheung3
釷	tou2
轍	chit3
糜	mei4
飄	piu1
觕	chou1
右	yau6
坷	ho2
獄	yuk6
盥	fun2/gun3
眊	mou6
攄	syu1
鞯	jin1
嫿	waak6
卡	ka1/kaat1
嗆	cheung1
摺	jip3
圹	kwong3
啸	siu3
羽	yu5
秕	bei2
館	gun2
沮	zeoi2/zeoi3
鎘	gaak3
敔	yu5
隨	cheui4
般	bun1
孚	fu1
熲	gang2/wing6
皖	wun5
沔	min5
卜	buk1/baak6
鏖	ou1
俴	jin1
赝	ngan3
疹	jan2
呢	ne1/ni1/nei1
翠	cheui3
丧	song1/song3
贓	jong1
胍	gu1/gwa1
醼	yin3
爺	ye4
班	baan1
歔	heui1
荪	syun1
卹	seut1
舳	juk6
帛	baak6
绡	siu1
囤	tyun4/deun6
眙	yi4
罨	yim2
须	seui1/sou1
鼇	ngou4
闡	chin2/jin2
骥	kei3
遥	yiu4
胊	keui4
輩	bui3
綣	hyun3
針	jam1
乂	ngaai6
崙	leun4
閣	gok3
铕	yau5
舢	saan1
溆	zeoi6
恓	sai1
渺	miu5
醣	tong4
樨	sai1
姐	je2
竿	gon1
温	wan1
阬	haang1
稽	kai1/kai2
愾	koi3
颦	pan4
衁	fong1
嫫	mou4
娓	mei5
鈴	ling4/ling1
欻	cha1/fat1
睒	sim2
蠖	wok6
尻	haau1
移	yi4
拆	chaak3
標	biu1
郚	ng4
茦	chaak3/jaak3
杈	cha1
潺	saan4
捋	lyut3
鈍	deun6
倦	gyun6
狁	wan5
稼	ga3
冊	chaak3
瀟	siu1
嗌	aai3
芎	gung1
绊	bun6
凶	hung1/hung1
儼	yim5
雱	pong4
呈	ching4
揥	jaai6
躑	jaak6
澜	laan4
瘵	jaai3
晒	saai3/saai3
嶁	lau5
泞	ning6
遫	chuk1
獰	ning4
敖	ngou4
谕	yu6
述	seut6
鼛	gou1
愬	sou3
勺	cheuk3/jeuk3
饿	ngo6
鲎	hau6
筆	bat1
鷞	song2
賛	jaan3
至	ji3
絮	seui6
車	che1/geui1
戔	jin1
斡	gun2/wat3
左	jo2
屈	wat1
揭	kit3
香	heung1
檍	yik1
杜	dou6
呴	heui1
杀	saat3
𡃁	leng1
恳	han2
铿	hang1
榃	taam4
鉿	hap6
縱	jung3
驒	to4
祛	keui1
帕	paak3
顰	pan4
伻	ping4
氳	wan1
咙	lung4
哓	hiu1
溝	gau1
庀	pei5
策	chaak3
苋	yin6
敁	dim1
絀	jeut3
蟀	seut1
諡	si3
膽	daam2
辒	wan1
闉	yan1
楗	kin2
壎	hyun1
吵	chaau2
焙	bui6
庫	fu3
拢	lung5
鎒	nau6
呠	pan3
妒	dou3
牧	muk6
紅	hung4
碞	ngaam4
隅	yu4
角	gok3
逾	yu4/yu6
礎	cho2
艺	ngai6
绉	jau3
郛	fu1
循	cheun4
浈	jing1
詛	jo3
办	baan6
遏	aat3
縈	ying4
债	jaai3
吾	ng4
陘	jing4
挫	cho3
峨	ngo4
饘	jin1
匈	hung1
跆	toi4
錤	gei1
嗮	saai3
撑	chaang1/chaang3
鸭	aap3/ngaap3
苟	gau2
巃	lung4
文	man4
礼	lai5
蓉	yung4
怿	yik6
滾	gwan2
岵	wu6
議	yi6/yi5
径	ging3
蕴	wan3
靴	heu1
獚	wong4
龅	baau1/baau6
蹙	chuk1
楘	muk6
鄧	dang6
沓	daap6
僄	piu3
頦	hoi4
膙	keung6
娅	a3
徯	hai4
怄	au3
掳	lou5
鍆	mun4
囉	lo1/lo3/lo4
误	ng6
腰	yiu1
鑲	seung1
铐	kaau3
藷	syu4/syu5
翩	pin1
敘	zeoi6
各	gok3
阉	yim1
圭	gwai1
罳	si1
腫	jung2
航	hong4
拉	laai1/la1
篝	gau1
游	yau4/yau4
筛	sai1
来	loi4
邾	jyu1
缃	seung1
裋	syu6
帥	seui3
刊	hon1/hon2
濃	nung4
轔	leun4
紩	jat6
娌	lei5
躝	laan4
氙	saan1/sin1
嶷	yi4
檢	gim2
愔	yam4
就	jau6
旄	mou4
崔	cheui1
俘	fu1
袭	jaap6
餸	sung3
譖	jam3
沘	bei2
蓷	teui1
炖	dan6/deun6/dan6/deun6
嶠	giu6/kiu4
宠	chung2
嵋	mei4
龉	yu5
淝	fei4
斷	tyun5/dyun6/dyun3
历	lik6/lik6
祎	yi1
侶	leui5
錯	cho3
蠶	chaam4
滗	bat1/bei3
璵	yu4
濮	buk6
垠	ngan4
蛰	jat6
洋	yeung4
夺	dyut6
艅	yu4
丌	gei1
聾	lung4
紂	jau6
洳	yu5/yu6
談	taam4
繨	daat6
郕	sing4
擠	jai1
烙	lok3
捆	kwan2
槧	chim3
鈞	gwan1
醓	taam1
笛	dek6
侃	hon2
蜇	jit3
鯸	hau4
伴	bun6/pun5
枳	jat1/ji2
蓋	goi3/koi3
聘	ping3
葸	saai2
浸	jam3
彖	teun5
痁	dim3
问	man6
滃	yung2
痐	wui4
周	jau1/jau1
徨	wong4
自	ji6
续	juk6
鍇	kaai2
迥	gwing2
譾	jin2
禀	ban2
鯪	ling4
攤	taan1
跼	guk6
匋	tou4
梭	so1
搏	bok3
沾	jim1/jim1
鉚	maau5
瀲	lim6
眾	jung3
漢	hon3
鸞	lyun4
剡	sim6/yim5
出	cheut1
繸	seui6
扛	gong1/kong1
僤	daan1
鷽	hok6
朽	nau2/yau2
劓	yi6
閤	gap3/hap6
剺	lei4
縑	gim1
辎	ji1
奡	ngou6
閡	hat6
效	haau6/haau6
庤	ji6
尸	si1/si1
复	fuk6/fuk1/fau6/fuk1
歉	hip3/him3
蝕	sik6/sit6
嘘	heui1
居	geui1
晅	syun2
屝	fei6
肤	fu1
際	jai3
矸	gon1/gon3
枘	yeui6
呜	wu1
蹑	nip6
涎	yin4
筊	gaau2
贯	gun3
檎	kam4
㗎	gaa4
束	chuk1
钓	diu3
椗	ding3
盒	hap6
蛌	gu2
澦	yu6
咎	gau3
叨	dou1/tou1
痻	fan1
人	yan4
砬	laap6
甌	au1
类	leui6
褶	jip3
舝	hat6
噍	jiu6/jehw
渧	dai3
春	cheun1
綱	gong1
任	yam6
哜	chai6/jai6
忆	yik1
婵	sim4/sin4
飘	piu1
揮	fai1
义	yi6
跩	jai6
抔	pau4
蛘	yeung5
療	liu4
译	yik6
碪	cha4
鱉	bit3
构	gau3
逊	seun3
桅	wai4
徽	fai1
穷	kung4
蟷	dong1
獮	sin2
熛	biu1
析	sik1
氄	yung5
幕	mok6
枵	hiu1
忱	sam4
煜	yuk1
纯	seun4
瞩	juk1
儡	leui5
诣	ngai6
軝	kei4
體	tai2
姘	ping1
眇	miu5
向	heung3
惴	chyun3/zeoi3
价	ga3
皱	jau3
侏	jyu1
膾	kui2
颶	geui6
千	chin1/chin1
六	luk6
擐	gwaan3
睏	kwan3
強	keung4/keung5
害	hoi6
振	jan3
媧	wo1
唷	yo1
汾	fan4
拙	jyut3
侅	goi1
麃	biu1
不	bat1
破	po3
犛	lei4
枇	pei4
瀵	fan3
淫	yam4
醭	buk6/pok3
桂	gwai3
觳	huk6
噥	nung4
谪	jaak6
薖	gwo1
柷	juk1
匱	gwai6
艟	tung4
窈	yiu2
邀	yiu1
欃	chaam4
僊	sin1
濕	sap1
螅	sik1
埕	ching4
婿	sai3
櫺	ling4
唵	am2
楨	jing1
柽	ching1
顯	hin2
餡	haam5
宅	jaak6
閫	kwan2
謑	hai5
辅	fu6
唔	m4
守	sau2
夢	mung6
聖	sing3
讓	yeung6
謍	ying4
敺	keui1
往	wong5
佝	kau3
鬵	cham4
勁	ging6/ging3
厦	ha6
廌	jai6/ji6
魴	fong4
禡	ma6
剛	gong1
漲	jeung3/jeung2
袞	gwan2
嗝	gaak3
捨	se2
瑗	yun6
朔	sok3
迪	dik6
别	bit6/bit3
扫	sou3/sou2
悫	kok3
薽	jan1
擣	dou2
訊	seun3
鑢	leui3/leui6
阅	yut6
嗦	so1
倩	sin3
层	chang4
徙	saai2
氖	naai5
驂	chaam1
蜚	fei1/fei2
蔉	gwan2
誰	seui4
码	ma5
扰	yiu2
写	se2
番	faan1
餬	wu4
檣	cheung4
幗	gwok3
學	hok6
過	gwo3
組	jou2
髑	duk6
鲐	toi4
瀝	lik6
髳	mau4
町	ting2
咨	ji1
借	je3
扆	yi2
箝	kim4
忪	sung1/jung1
驏	chin5
氯	luk6
賠	pui4
輴	cheun1
烷	yun4
泮	pun3
涩	sap1/sap3
飑	paau1
绚	hyun3
莝	jo6
钦	yam1
鑽	jyun1
戬	jin2
陸	luk6
鹊	cheuk3
桿	gon2
殮	lim6
锒	long4
敢	gam2
洊	jin3
澤	jaak6
餈	chi4
牍	duk6
畜	chuk1
確	kok3
攝	nip6/sip3
懒	laan5
御	yu6/yu6
芬	fan1
鐮	lim4
贾	ga2/gu2
窒	jat6
鋟	chim1
详	cheung4
猱	naau4
忟	mang2
濼	bok6/lok6
俞	yu4
萹	pin1
袤	mau6
鼋	yun4
痏	fui2
硤	gip3/haap6
釵	cha1/chaai1
穌	sou1
髦	mou4
喉	hau4
縗	cheui1
这	je5
刈	ngaai6
厤	lik6
旷	kwong3
溢	yat6
燋	jiu1
翱	ngou4
懿	yi3
泭	fu4
莴	wo1
侥	hiu1/giu1
僣	jim3
郇	seun1
硍	gan1
闷	mun6
妯	juk6
氅	chong2
献	hin3
啼	tai4
赋	fu3
涡	wo1/gwo1
罰	fat6
导	dou6
脅	hip3
泗	si3
奐	wun6
晛	yin6
鲨	sa1
廖	liu6
欼	chi2/syut3
磉	song2
茨	chi4
諭	yu6
慷	hong2/hung2/kong2
谣	yiu4
徉	yeung4
闠	fui2
采	choi2/choi3/choi2
頼	laai6
搐	chuk1
鑰	yeuk6
墦	faan4
恝	aat3/gaat1
捎	saau1
必	bit1
鮞	yi4
鶖	chau1
絢	hyun3
亩	mau5
趹	kyut3
鶩	mou6
娟	gyun1
瘝	gwaan1
楢	yau4
蹝	saai2
牀	chong4
螂	long4
樛	gau1
潜	chim4
纰	pei1
踅	chit3
鸺	yau1
琢	deuk3
頡	git3/kit3
晓	hiu2
鋙	yu5
詗	gwing2
穋	luk6
毓	yuk1
畀	bei2
塕	yung1
侪	chaai4
维	wai4
茹	yu4
幨	jim1
叮	ding1
釹	neui5
訖	gat1/ngat6
季	gwai3
謏	sau2
佬	lou2
嗹	lin4
揩	haai1
鷓	je3
跴	choi2
疐	ji3
宓	mat6
蛓	ji1
銮	lyun4
撺	chyun3
𠱁	tam3
娇	giu1
并	bing6/bing3/bing1/bing3
垫	din3/jin3/din6
铙	naau4
汇	wui6/wui6/wai6
碌	luk1
洹	wun4/yun4
罈	taam4
鐒	lou4
榕	yung4
峡	haap6
眭	kwai4
棚	paang4
仞	yan6
鈹	pei1
叽	gei1
愿	yun6
逻	lo4/lo6
蹣	mun4
蒴	sok3
顋	soi1
曷	hot3
肸	yat6
寰	waan4
飆	biu1
孵	fu1
甜	tim4
孃	neung4
踯	jaak6
琊	ye4
轙	yi5
霎	sap3
笄	gai1
钲	jing1
徵	jing1/ji2
喭	ngon6/yin5
懷	waai4
操	chou1
楼	lau4
椠	chim3
槁	gou2
釆	bin6
緒	seui5
蛏	ching1
钗	cha1/chaai1
跹	sin1
鱵	jam1
锔	guk1
逕	ging3
則	jak1
弗	fat1
郐	kui2
攷	haau2
湟	wong4
蕘	yiu4
韡	wai4
竄	chyun3
韙	wai5
鑒	gaam3
脘	gun2
壕	hou4
瓠	wu6
湢	bik1
潮	chiu4
矉	pan4
萝	lo4
觯	ji3
栋	dung3/dung6
闔	hap6
鉸	gaau2
羁	gei1
乐	lok6/ngok6
戲	hei3
緯	wai5
鸟	niu5
讖	cham3
册	chaak3
痉	ging6
橄	gam3
椒	jiu1
毾	taap3
睛	jing1
轶	yat6
语	yu5
驄	chung1
螭	chi1
笲	faan4
材	choi4
憖	yan6
偾	fan5
恚	wai6
腸	cheung4
苤	pei2
纘	jyun2
壝	wai2
悦	yut6
如	yu4
釱	daai6
甗	yin5
饜	yim3
羇	gei1
羖	gu2
杳	miu5
睊	gyun1
扩	kwong3/kong3/kwok3
莽	mong5
褳	lin4
逡	seun1
镳	biu1
亄	yi4
府	fu2
霪	yam4
施	si1
猘	jai3
堋	paang4
筤	long4
薺	chai5
袈	ga1
椭	to5
浥	yap1
癬	sin2
赐	chi3
搕	hap1
悝	fui1
狐	wu4
虚	heui1
逭	wun6
玫	mui4
竅	hiu3/kiu3
睼	tai4
媳	sik1
輊	ji3
燖	cham4
猢	wu4
米	mai5
鷕	yiu4
詎	geui6
嶸	wing4
遙	yiu4
蛺	gaap3
组	jou2
癆	lou4
輞	mong5
谝	pin4
觭	kei1
歟	yu4
溎	gwai3
醍	tai4
鸶	si1
櫥	chyu4
厄	ak1
雎	zeoi1
器	hei3
陞	sing1
笻	kung1
唅	ham1/ngam4/ngam6/ngan4
蛭	jat6
籁	laai6
亳	bok3
蠛	mit6
鷊	yik6
澔	hou4
遮	je1
漁	yu4
邋	laap6
征	jing1/ji2/jing1
镔	ban1
俎	jo2
鶹	lau4
项	hong6
氟	fat1
囿	yau6
獾	fun1
墫	chun1
瘍	yeung4
構	gau3
翰	hon6
育	yuk6
叼	diu1
溳	wan4
臬	yit6
峻	jeun3
藚	juk6
嚏	tai3
绻	hyun3
簫	siu1
峦	lyun4
儿	yi4
張	jeung1
箏	jang1/jaang1
捺	naat6
堀	fat1
清	ching1
皸	gwan1
恃	chi5/si5
铉	yun5
遄	chyun4
謦	hing3
揪	chau1
血	hyut3
瞪	dang6
字	ji6
校	haau6/gaau3
姨	yi4
球	kau4
効	haau6
睡	seui6
咫	ji2
蓐	yuk6
轘	waan6
尔	yi5
靚	leng3
葆	bou2
瘢	baan1
倚	yi2
挈	kit3
虖	fu1
紹	siu6
鴛	yun1
酡	to4
忐	taan2
煨	wui1
嫉	jat6
顺	seun6
酣	ham4
鼕	dung1
淖	naau6
黩	duk6
鞌	on1
闯	chong2/chong3
奂	wun6
鳏	gwaan1
煎	jin1
掉	diu6
艇	teng5/ting5
鶲	yung1
罦	fau4
韌	yan6
鄲	daan1
呛	cheung1
倍	pui5
馏	lau6
盝	luk6
墜	jui6
眞	jan1
魷	yau4
芄	yun4
禪	sim3/sin4/sin6
囹	ling4
鎔	yung4
奪	dyut6
翳	ai3/yi1
速	chuk1
歴	lik6
萑	wun4
貌	maau6
闻	man4
瘨	din1
繞	yiu5
皞	hou6
歾	mut1
夸	kwa1/kwa1
贝	bui3
熅	wan3
祺	kei4
擂	leui4
蝟	wai6
匍	pou4
嘍	lau1/lau4
魯	lou5
鸷	ji3
鸱	chi1
喓	eu1/yiu1
袄	ou2
罌	aang1
擊	gik1
曄	yip6
皲	gwan1
籔	sou2
訑	yi4
釪	yu4
憎	jang1
叩	kau3
菶	bung2
增	jang1
狱	yuk6
享	heung2
醴	lai5
尒	yi5
酦	put3
优	yau1
承	sing4
龄	ling4
喬	kiu4
钪	kong3
璁	chung1
驖	tit3
脱	tyut3
偌	ye6
錕	gwan1
譭	wai2
騾	lo4
噉	gam2
爽	song2
庇	bei3
箇	go3
弭	mai5/mei5
淘	tou4
觴	seung1
轼	sik1
讚	jaan3
卮	ji6
纛	dou6/duk6
勤	kan4
藜	lai4
潯	cham4
侖	leun4
鉥	seut6
讌	yin3
劁	chiu1
弤	dai2
餪	nyun5
虺	fui1/wai2
太	taai3
纥	gat1
癲	din1
尕	ga1
麒	kei4
臕	biu1
猎	lip6
犀	sai1
您	nei5
埏	yin4
冈	gong1
足	juk1
肓	fong1
羊	yeung4
欸	aai2/ei6/oi1
潛	chim4
缧	leui4
庆	hing3
券	hyun3
诮	chiu3
謷	ngou4
碜	cham2
颀	kei4
隹	zeoi1
縞	gou2
岐	kei4
絕	jyut6
濱	ban1
郗	chi1
饶	yiu4
疙	gat6
阶	gaai1
贛	gam3
旱	hon5
奏	jau3
桉	on1
眹	jam6
嗎	ma3
熯	hon5
穜	tung4
疣	yau4
键	gin6
戊	mou6
鍪	mau4
羱	yun4
賑	jan3
浏	lau4
褚	chyu2
僳	suk1
銑	sin2
订	ding3/deng6
桐	tung4
卞	bin6
挍	ngaau1
顴	kyun4
飴	yi4
珪	gwai1
痺	bei3
釗	chiu1
艙	chong1
岔	cha1/cha3
趟	tong3
今	gam1
堆	deui1
蠹	dou3
芃	pung4
碱	gaan2
昂	ngong4
菫	gan2
氫	hing1
脖	but6
谮	jam3
酪	lok3
惕	tik1
蕁	cham4
鴳	aan3
囮	ngo4/yau4
寖	jam3
颢	hou6
拾	sap6
糞	fan3
閥	fat6
駐	jyu3
覇	ba3
篤	duk1
包	baau1
诹	jau1
綯	tou4
广	gwong2
鈿	din6/tin4
儃	chin4/taan2
蹔	jaam6
識	sik1
镇	jan3
简	gaan2
嬤	ma1
廷	ting4
踒	wo1
祆	yiu1
災	joi1
啣	haam4
呓	ngai6
仉	jeung2
縷	leui5
昙	taam4
獸	sau3
誕	daan3
礦	kwong3/gwong3
溜	lau6/lau1/liu1
戮	luk6
潇	siu1
弃	hei3
裛	yap1
砝	fat3
荽	seui1
疸	taan2
墓	mou6
駮	bok3
噬	sai6
兔	tou3
轨	gwai2
煠	ja3
缲	chiu1/sou1/tiu1
极	gik6
紱	fat1
耒	leui6/loi6
殫	daan1
忍	yan2
正	jing1/jing3/jeng
漱	sau3/sou3
郈	hau6
钳	kim4
碳	taan3
蘢	lung4
杆	gon1/gon2
鲕	yi4
眽	mak6
昕	yan1
洎	gei3/gei6
奬	jeung2
皤	po4
姣	haau4/gaau2
贅	zeoi3
冼	sin2
彪	biu1
鲒	git3
呸	pei1
簍	lau5
关	gwaan1
盬	gu2
旛	faan1
耡	cho4
楦	hyun3
薑	geung1
鲠	kang2/gang2
樹	syu6
膰	faan4
沂	yi6
沦	leun4
苠	man4
陲	seui4
皰	paau3
赔	pui4
葚	sam6
馍	mo4
洙	jyu1
蓊	yung2
酵	gaau3/haau1
拯	ching2
鸒	yu5
讒	chaam4
霫	jaap6
壮	jong3
诞	daan3
远	yun5
狫	lou5
亲	chan1
農	nung4
隣	leun4
慄	leut6
彝	yi4
罕	hon2
调	diu6/tiu4
恭	gung1
勍	king4
徼	giu2/giu3/yiu1
屆	gaai3
玆	ji1
糟	jou1/jou1
柲	bei3
掾	yun6
悩	nou5
壚	lou4
簻	gwo6
堰	yin2
縫	fung4/fung6
潋	lim6
盆	pun4
艚	chou4
箕	gei1
驀	mak6
綅	cham1
汨	gwat1
紋	man4
蓣	yu6
墮	do6
秆	gon2
媚	mei6
弸	bang1
藙	ngai6
餚	ngaau4
養	yeung5
螘	ngai5
儘	jeun2
巨	geui6
璘	leun4
棨	kai2
解	gaai2/haai6
嬝	niu5
葭	ga1
筩	tung2/tung4
乌	wu1
丝	si1
峿	ng4
饗	heung2
昌	cheung1
骣	chin5
桠	nga4
戀	lyun2/lyun5
呦	yau1
叢	chung4
狨	yung4
籍	jik6
醲	nung4
昳	dit6
瘚	gyut3
郑	jeng6/jing6
葫	wu4
蝀	dung3
禹	yu5
碰	pung3
鬫	haam2
渰	yim1
垆	lou4
祁	kei4
亶	taan2
涨	jeung3/jeung2
號	hou6
後	hau6
仅	gan2
惫	baai6/bei6
襌	daan1
膏	gou1
拌	bun3/pun3
古	gu2
娃	wa1
哄	hung2/hung6/hung6
遞	dai6
雟	kwai4
檟	ga2
歌	go1
畽	dung2
亟	gik1/kei3
祲	jam1
箓	luk6
導	dou6
稠	chau4
顸	hon1
蜈	ng4
嶲	kwai4/seui2
瑭	tong4
袚	fai3
倔	gwat6
吁	heui1/yu6
銧	gwong1
銘	ming4
娄	lau4
狡	gaau2
健	gin6
藕	ngau5
郊	gaau1
栉	jit1
姓	sing3
琫	fung2/pung2
稬	no6
檩	lam5
痙	ging6
氮	daam6
艾	ngaai6
袷	gaap3
抄	chaau1
铲	chaan2/chaan2
讯	seun3
筲	saau1
殉	seun1/seun6
劭	siu6
劇	kek6
懑	mun6
燠	yuk1
仃	ding1
报	bou3
渲	syun3
幪	mung4
嗛	haam4/hip3
屙	o1
洸	gwong1
嘲	jaau1
偎	wui1
西	sai1
赛	choi3
縴	hin3
倨	geui3
塔	taap3
认	ying6
惹	ye5
毈	dyun6/wo5
裡	leui5/lei5
擗	pik1
壘	leui5
罩	jaau3
动	dung6
嘱	juk1
煌	wong4
噘	kyut3
籟	laai6
鏇	syun4
鱼	yu2
馭	yu6
汚	wu1
獘	bai6
髡	kwan1
囁	jip3
蓽	bat1
蠊	lim4
酿	yeung6
骝	lau4
粲	chaan3
蹠	jik3
滴	dik1
栓	saan1
嬗	sin6
蕊	yeui5
阳	yeung4
冥	ming4
褊	bin2
禖	mui4
鷥	si1
襮	buk6
獃	daai1/daai4/ngoi4
谥	si3
卒	jeut1/chyut3
鹎	bei1
摆	baai2
搦	nik1
歎	taan3
扤	at1/ngaat6/ngat1
泡	pou5/paau3/paau1
结	git3
艸	chou2
思	si1
齿	chi2
殡	ban3
拔	bat6
揈	fing6
铺	pou3/pou3
醇	seun4
闟	taap3/kaap1
畯	jeun3
菔	baak6
募	mou6
畴	chau4
帟	yik6
哑	a2
艖	cha4/cho1
說	syut3
哳	jaat3
貜	fok3
妍	yin4
惭	chaam4
珀	paak3
灩	yim6
釂	jiu3
趴	pa1
性	sing3
淀	din6/din6
劼	kit3
刀	dou1
吨	deun1
揹	bui3
弮	hyun1
盔	kwai1
旬	cheun4
殰	duk6
嘶	sai1
削	seuk3
桫	so1
揰	chung3
幔	maan6
勘	ham3
歃	saap3
圍	wai4
鰳	lak6
怳	fong3
媺	mei5
槤	lin4
啍	jeun1/teun1
訓	fan3
载	joi3/joi2
枰	ping4
捧	pung2/fung2
淬	cheui3/seui6
篠	siu2
珺	gwan6
瑁	mou6
劲	ging6/ging3
邧	yun4
锈	sau3
炳	bing2
專	jyun1
旗	kei4
盦	am1
贮	chyu5
摛	lei4
揆	kwai4/kwai5
爍	seuk3
赃	jong1
氣	hei3
路	lou6
脝	hang1
酌	jeuk3
缫	sou1
蜾	gwo2
顕	hin2
狀	jong6
撞	jong6
寝	cham2
瘂	a2
劑	jai1
珽	ting5
悭	haan1
愧	kwai3
眵	chi1
况	fong3
顗	ngai5
埔	bou3
獨	duk6
觑	cheui3
廳	teng1
廟	miu6
肫	jeun1
眶	kwaang1/hong1
砑	nga6
泂	gwing2
頷	ham5
钣	baan2
蜷	kyun4
教	gaau3
樯	cheung4
鄱	po4
緶	pin4
洛	lok3
茄	ga1/ke4
螽	jung1
璈	ngou6
榨	ja3
頂	ding2/deng2
媾	gau3
譴	hin2
颯	saap3
讣	fu6
圞	lyun4
瘡	chong1
成	sing4/sèhng
烧	siu1
斛	huk6
楓	fung1
礄	kiu4
砟	ja2/jok3
魟	gung1
埽	sou3
迳	ging3
眚	saang2
术	seut6
僧	jang1/sang1
乒	bing1/ping1
擷	git3/kit3
抌	dam2
儉	gim6
饇	yu3
贤	yin4
厥	kyut3
租	jou1
紊	man6
玛	ma5
炘	yan1
穗	seui6
界	gaai3
篴	dik6
昀	wan4
掟	deng3
坌	ban3
欶	sok3
貊	mak6
摟	lau5/lau1/lau2/lau4
谳	yin6
攻	gung1
娑	so1
啋	coi1
堂	tong4
邰	toi4
弣	fu2
铥	diu1
幠	fu1
湃	baai3/paai3
鐘	jung1
茱	jyu1
黓	yit6
仁	yan4
沃	yuk1
犁	lai4
黈	tau2
璎	ying1
偭	min5
锲	kit3
剀	hoi2
糊	wu4
众	jung3
怯	hip3
劃	waak6
志	ji3/ji3
悅	yut6
礿	yeuk6
荷	ho4/ho6
狈	bui3
梩	lei5
轤	lou4
韵	wan6
澂	ching4
柱	chyu5
銎	kung4
龜	gwai1
駟	si3
禠	si1
顧	gu3
磣	cham2
非	fei1
轆	luk1
芣	fau4
秏	hou3
蒜	syun3
訾	ji2
惺	sing1
癡	chi1
哥	go1
耨	nau6
諛	yu4
锘	jok6
滮	biu1
羹	gang1
髾	saau1
靉	oi2
巹	gan2
佟	tung4
嗑	haap3/hap6
蓌	cho5
堯	yiu4
儦	biu1
怆	chong3
喇	la1
爚	yeuk6
剽	piu5
神	san4
毙	bai6
带	daai3/daai2
脓	nung4
釭	gong1
篆	syun6
幢	chong4/tong4
駑	nou4
蒎	paai3
磋	cho1
茸	yung4
殖	jik6
柈	bun6
轇	gaau1
劾	hat6
檯	toi4*2
员	yun4
禘	dai3
蟜	giu2
唄	baai6
譏	gei1
幹	gon3
喷	pan3
鹞	yiu6
紕	pei1
給	kap1
涞	loi4
瓔	ying1
濞	pei3
村	chyun1
菀	yun2
籜	tok3
藩	faan4
忧	yau1
奘	jong6
逖	tik1
蔺	leun6
嗟	je1
並	bing6
腐	fu6/fu2
粞	sai1
搀	chaam1/chaam4
鈆	yun4
鬣	lip6
鄇	hau4
窆	bin2
榥	fong2
渾	wan4
即	jik1
纕	seung1
趮	chou3
牵	hin1
鹣	gim1
汽	hei3
郠	gang2
摀	wu2
顜	gong2
緌	yeui6
癩	laai3
驊	wa4
觥	gwang1
蕓	wan4
辺	bin1
棗	jou2
鏗	hang1
磺	wong4
践	chin5
侣	leui5
Q	kiu1
甫	fu2
缁	ji1
哋	dei6
陌	mak6
机	gei1
閘	jaap6
凳	dang3
桦	wa6
嘖	jaak3/jik1
帼	gwok3
硒	sai1
趋	cheui1
妨	fong4
瑛	ying1
氆	pou2
听	teng1/ting1/ting3
梓	ji2
勱	maai6
剉	cho3
奮	fan5
炯	gwing2
羶	jin1
铬	gok3
呃	ngaak1/aak1/ak1
裢	lin4
容	yung4
畷	jyut3
鹬	wat6
繹	yik6
鳃	soi1
牣	yan6
趁	chan3
睁	jaang1/jang1
身	san1
掬	guk1
宁	ning4
俁	yu5
犨	chau4
姚	yiu4
嫱	cheung4
倢	jip3
岂	hei2
窍	hiu3/kiu3
恋	lyun2/lyun5
謪	seung1
剚	si6
嵌	ham6
十	sap6
揫	chau1
璜	wong4
揌	si1
蟈	gwok3
俭	gim6
狄	dik6
邶	bui3
嬪	pan4
避	bei6
诲	fui3
僾	oi2
鍥	kit3
堿	gaan2
勣	jik1
妓	gei6
涸	kok3
譟	chou3
鱗	leun4
槟	ban1
稚	ji6
崴	wai1
鉍	bit1
鲰	jau1
蹼	buk6
煚	gwing2
巂	kwai4/seui2
裝	jong1
榧	fei2
躚	sin1
鳧	fu4
鬲	gaak3/lik6
靓	leng3
缟	gou2
翛	siu1
损	syun2
溫	wan1
屉	tai3
牲	saang1
玮	wai4
匪	fei2
秃	tuk1
司	si1
僅	gan2
蓿	suk1
决	kyut3
拂	faak1/fat1
喺	hai2
后	hau6/hau6
撖	haam5
縮	suk1
鍤	chaap3
啜	jyut3
祟	seui6
臛	kok3
轧	gaat3/jaat3
噃	bo3
果	gwo2
跽	gei6
絆	bun6
惘	mong5
一	yat1
話	wa6/wa2
盟	mang4
咕	gu1/gu2
紺	gam3
瑞	seui6
琥	fu2
虔	kin4
庥	yau1
有	yau5
釉	yau6
岩	ngaam4/ngaam4
笵	faan6
劝	hyun3
蔯	chan4
媕	om1
淪	leun4
柩	gau6
佑	yau6
绘	kui1
鳐	yiu4
珩	hang4
铎	dok6
僥	hiu1/giu1
蒗	long6
絖	fong3/kwong3
崟	yam4
槲	huk6
瘤	lau4
踩	chaai2
銪	yau5
逳	juk1
惝	chong2/tong2
幀	jing3
収	sau1
謳	au1
螮	dai3
刦	gip3
庖	paau4
咆	paau4
函	haam4
派	paai3/paai1
铹	lou4
犧	hei1
焞	teun1
慕	mou6
諾	nok6
秽	wai3
鸪	gu1
蟣	gei2
隶	dai6/lai6
窘	kwan3
儒	yu4
郤	gwik1
欤	yu4
洪	hung4
慵	yung4
苏	sou1/sou1
诟	gau2/hau2
達	daat6
蒙	mung4/mung4
钕	neui5
聝	gwik1
漚	au1/au3
梘	gaan2
緱	kau1
膑	ban3
邓	dang6
陽	yeung4
池	chi4
瞟	piu5
透	tau3
纆	mak6
鱘	cham4
儓	toi4
胰	yi4
棵	po1/fo2
窄	jaak3
粕	pok3
柯	o1
瑰	gwai3
跁	pa1
扇	sin3
渑	man5/sing4
稣	sou1
禴	yeuk6
臜	jim1
椮	sam6
呼	fu1
蔥	chung1
黻	fat1
钧	gwan1
噚	cham4
踊	yung2/yung2
铑	lou5
癢	yeung5
龔	gung1
芥	gaai3
跶	taat3/daat3
句	geui3
柁	to4
捍	hon2/hon6
褯	jik6
緩	wun6
鏟	chaan2
秒	miu5
银	ngan4/ngan2
蹂	yau4
押	aat3/aap3
逮	dai6/doi6
鲔	fui2
會	wui5/wui6/wui2
魉	leung5
豦	geui6
寞	mok6
捞	laau4/lou4
轢	lik1
暑	syu2
馄	wan4
炸	ja3
戆	ngong6
貽	yi4
怒	nou6
鬆	sung1
廬	lou4
氪	hak1
諂	chim2
吼	haau1/hau1
庬	pong4
咪	mai1/mi4/mai5
喊	haam3
课	fo3
蚴	yau2
鷯	liu4
鎌	lim4
传	chyun4/jyun6
訢	yan1
沧	chong1
骀	toi4
睑	gim2
緻	ji3
釁	yan3
蚬	hin2
黧	lai4
迓	nga6
铝	leui5
躔	chin4
醬	jeung3
为	wai6/wai4
筴	chaak3/gaap3
床	chong4
寵	chung2
騺	ji3
曾	chang4/jang1
摅	syu1
脬	paau1
鷸	wat6
燂	taam4
鎬	gou2/hou6
逴	cheuk3
鱟	hau6
鹃	gyun1
懽	fun1
更	gang3/gang1
艋	maang5
賚	loi6
匜	yi4
濤	tou4
岣	gau2/keui1
驢	leui4/lou4
馔	jaan6
纬	wai5
牠	ta1
鐔	taam4
靳	gan3
荀	seun1
闽	man4/man5
騑	fei1
艿	naai5
繘	leut6
檑	leui4
赵	jiu6
锅	wo1
麂	gei2
銥	yi1
輾	jin2
鶤	kwan1
殼	hok3
跪	gwai6
蠅	ying4
箧	haap6
閉	bai3
粪	fan3
詫	cha3
诋	dai2
涖	lei6
锺	jung1/jung1
杨	yeung4
掴	gwaak3/gwok3
鞍	on1
曲	kuk1
洌	lit6
靺	mut6
畤	ji6
嚿	gau6
茛	gan3
着	zoek3/zoek6
鲲	gwan1
佐	jo3
吓	ha5/haak3
棟	dung3/dung6
仿	fong2/pong4/fong2/fong2
宰	joi2
嫦	seung4
驹	keui1
慎	san6
嘢	ye5
痨	lou4
捄	gau3/haau6
踰	yu4
供	gung1
阋	yik1
貝	bui3
词	chi4
袺	git3
忖	chyun2
鵡	mou5
寺	ji6
佷	han2
絜	git3
菇	gu1
嘹	liu4
錟	taam4
致	ji3/ji3
吋	chyun3
繖	saan3
旁	pong4
署	chyu5
榴	lau4
湘	seung1
弛	chi4
丰	fung1/fung1
辇	lin5
瘏	tou4
眼	ngaan5
轰	gwang1
愫	sou3
唓	che1
柢	dai2
均	gwan1
乏	fat6
籬	lei4
窯	yiu4
瞭	liu4/liu5
螬	chou4
琦	kei4
抵	dai2
鷺	lou6
言	yin4
絺	chi1
擄	lou5
礞	mung4
鋼	gong3/gong1
膟	leut6
諸	jyu1
璨	chaan3
眩	yun6
椴	dyun6
淆	ngaau4
塵	chan4
尼	nei4
琨	gwan1
搞	gaau2
曌	jiu3
賂	lou6
緇	ji1
暂	jaam6
暈	wan4
瀅	ying4
悄	chiu2
郵	yau4
礪	lai6
窟	fat1
髭	ji1
沇	wai5/yin2
胡	wu4/wu4
潏	gyut3
須	seui1
輶	yau4
蟻	ngai5
玢	ban1/fan4
騸	sin3
威	wai1
珐	faat3
隈	wui1
帚	jau2
劍	gim3
葳	wai1
呀	a3/a1/a6
碎	seui3
痧	sa1
婉	yun2
马	ma5
珂	o1
爪	jaau2
揎	syun1
瞠	jaang1
鏚	chik1
蕑	gaan1
疊	dip6/daap6
泄	sit3/sit3
騎	ke4/kei4
裒	fau4/pau4
窞	daam6
鞨	hot3
馹	yat6
禮	lai5
杯	bui1
澮	kui2
墙	cheung4
蛣	gat1
绒	yung4
斠	gau3/gok3
概	koi3/koi2
嗽	sau2
英	ying1
嘉	ga1
浭	gang1/gaang3
溼	sap1
茌	chi4
煲	bou1
赠	jang6
葄	jou3
鴕	to4
鍶	si1
絅	gwing2
仓	chong1
騷	sou1
嶴	ou3
貺	fong3
鸳	yun1
特	dak6
駰	yan1
楚	cho2
躩	fok3
跤	gaau1
截	jit6
酒	jau2
步	bou6
綌	gwik1
篮	laam4
喔	ak1/o1
硫	lau4
斬	jaam2
哿	go2/ho2
棫	wik6
鄂	ngok6
胹	yi4
窔	yiu2
黥	king4
而	yi4
涼	leung4
窦	dau3
崛	gwat6
谁	seui4
鈉	naap6
攛	chyun3
嘐	haau1
簜	dong1
蜢	maang5
羈	gei1
假	ga2/ga3
榠	ming4
鸹	kut3
纡	yu1
蹶	kyut3
讫	gat1/ngat6
龍	lung4
訧	yau4
钝	deun6
诏	jiu3
屯	tyun4/jeun1
衮	gwan2
硎	ying4
磪	cheui1
亵	sit3
砭	bin1
鳖	bit3
尷	gaam3/gaam1
唾	teu3/to3/tou3
宪	hin3
尋	cham4
燮	sit3
拴	saan1
驁	ngou4
邮	yau4
蒨	sin3
尖	jim1
镕	yung4
暵	hon3
値	jik6
屬	suk6
尴	gaam3/gaam1
塱	long5
冞	mei4
摻	chaam1/chaam4
酥	sou1
歜	chuk1
峽	haap6
定	ding6
鼖	tou4
蠢	cheun2
悲	bei1
坴	luk6
鄫	chang4
腮	soi1
審	sam2
摘	jaak6
仰	yeung5
卬	ngong4
僭	chim3/jim3
徕	loi4
貼	tip3*1
勦	chau2/jiu1
辩	bin6
奥	ou3
秤	ching3
煽	sin3
柿	chi5
糾	gau2
櫧	jyu1
雾	mou6
乜	mat1
鉤	gau1/ngau1
艳	yim6
幛	jeung3
告	gou3
客	haak3
鈳	o1
蒿	hou1
镀	dou6
鎰	yat6
骓	zeoi1
埴	jik6
琬	yun2
鴝	keui4
嶼	yu4/zeoi6
掏	tou4/tou4
翣	saap3
啩	gwa3
锶	si1
济	jai3/jai2
韦	wai4
鞞	bei2
荫	yam3
諄	jeun1
飒	saap3
幄	ak1
僉	chim1
铌	nei4
痦	ng4
換	wun6
乩	gei1
縚	tou1
蒺	jat6
順	seun6
闿	hoi2
邝	kwong3
潕	mou5
紡	fong2
蚁	ngai5
漾	yeung6
锂	lei5
櫫	jyu1
钋	pok3
骁	hiu1
繫	hai6
礧	leui5
竽	yu1/yu4
眈	daam1
瞞	mun4
騧	gwa1
踟	chi4
豚	tyun4
猋	biu1
猊	ngai4
泌	bei3
弁	bin6
濰	wai4
迤	yi4/yi5
赣	gam3
捩	lit6
芴	fat1
悽	chai1
釐	lei4
魃	baat6
诔	loi6
揠	aat1/aat3
邂	haai6
蔦	niu5
枓	dau2
民	man4
絷	jap1
瀺	chaam4
酉	yau5
宕	dong1
磯	gei1
兒	yi4
吱	ji1
尤	yau4
褽	wai3
也	ya5
了	liu5/liu4/liu5
螿	jeung1
镊	nip6
耜	ji6
干	gon1/kin4/gon1/gon3
羸	leui4
鹰	ying1
潎	pit3
翫	wun6
魁	fui1
廞	yam1
遛	lau4
齜	ji1
擱	gok3
洟	tai3/yi4
俊	jeun3
阊	cheung1
鴉	a1
牆	cheung4
輔	fu6
帙	dit6
瑽	chung1
綮	hing3/kai2
瞵	leun4
务	mou6
謬	mau6
荸	but6
義	yi6
嚦	lik6
杭	hong4
圓	yun4
瞷	gaan3
鎩	saat3
惏	laam4
媽	ma1
鱎	giu2
伦	leun4
呫	tip3
賏	ying1
骞	hin1
蝠	fuk1
踹	chaai2
紜	wan4
蛆	zeoi1
缀	zeoi3/jyut3
袱	fuk6
飨	heung2
管	gun2
冽	lit6
啾	jau1
裁	choi4
鐇	faan4
捂	wu2/wu2
黰	jan2
籽	ji2
蠡	lai5
簋	gwai2
鼒	ji1
钠	naap6
狂	kwong4
寶	bou2
粤	yut6
濩	wok6/wu6
濫	laam6
蕈	cham5
笙	saang1
稂	long4
淢	gwik1
艗	yat6
咡	mai1/mai4
螗	tong4
連	lin4
彗	seui6/wai6
蜑	daan6
倥	hung1/hung2
脢	mui4
实	sat6
延	yin4
篛	yeuk6
躲	do2
蛄	gu1
羿	ngai6
约	yeuk3
勛	fan1
祂	ta1
榻	taap3
泺	bok6/lok6
誣	mou4
絣	bing1
牦	moi4
七	chat1
繣	waak6
桴	fu1
屡	leui5
鋱	tik1
絡	lok3
慥	chou3/jou6
盂	yu4
侇	yi4
廹	baak3/bik1
豭	ga1
拎	ling1
栳	lou5
稍	saau2
雄	hung4
釩	faan4
狎	haap6
襾	ka1
巷	hong6
鲭	ching1
痔	ji6
普	pou2
瘳	chau1
翀	chung1
枯	fu1
昄	baan2
媪	ou2/wan2
命	ming6/meng6
墬	zeoi6
绅	san1
曛	fan1
诜	san1
獻	hin3
罷	ba6
祿	luk6
鶒	chik1
销	siu1
繠	yeui5
亓	kei4
終	jung1
禂	dou2
弍	yi6
聊	liu4
肃	suk1
革	gaak3/gaap3
圜	waan4/yun4
輻	fuk1
黑	haak1/hak1
烈	lit6
柠	ning4
筰	jok6
掂	dim1/dim6
荔	lai6
崗	gong1
謫	jaak6
裀	yan1
鈰	si5
搁	gok3
黠	hat6/kit3
穵	waat3
漯	lok3/taap3
肛	gong1
喱	lei1
鐻	geui6
駛	sai2
匐	baak6
饌	jaan6
頏	hong4
迄	ngat6
富	fu3
阜	fau6
崑	kwan1
攮	nong5
騄	luk6
皴	seun1
豱	wan1
絘	chi3
遜	seun3
藝	ngai6
棯	nim1
鱷	ngok6
掮	kin4
菱	ling4
鱠	kui2
厍	se3
蔊	hon5
橚	suk1
滋	ji1
匕	bei6
殘	chaan4/chaan1
攘	yeung4/yeung5
匚	fong1
搉	kok3
姮	hang4
擋	dong2/dong3
搿	gaap3
抶	maat3/mut3
琁	syun4
遂	seui6
鑷	nip6
薳	wai2/yun5
疗	liu4
臌	gu2
辐	fuk1
橱	chyu4
戍	syu3
夌	ling4
汰	taai3
鵀	yam4
橋	kiu4
短	dyun2
朶	deu2/do3
恆	hang4
轑	lou4
溶	yung4
醵	geui6/keuk6
興	hing1/hing3
庶	syu3
歡	fun1
滨	ban1
畎	hyun2
橢	to5
刺	chi3
垲	hoi2
罅	la3
斌	ban1
悔	fui3
酹	laai6/lyut3
壖	yun4
悉	sik1
养	yeung5
悁	gyun1
寐	mei6
膠	gaau1
侐	gwik1
夷	yi4
涔	sam4
莢	gaap3
禺	yu4
鋊	yuk6
莕	hang6
莨	leung4/long4
剐	wa2
憶	yik1
萨	saat3
受	sau6
财	choi4
麤	chou1
闊	fut3
鸮	hiu1
蜂	fung1
繼	gai3
氩	a3
懺	chaam3
矼	kung4
篥	leut6
鯇	waan5
户	wu6
苛	ho1
儵	suk6
哧	chi1
坐	cho5/jo6
琏	lin5
凔	chong1
匝	jaap3
蝾	wing4
伶	ling4
釓	gaat3
融	yung4
祫	haap6
取	cheui2
恧	nuk1
鏜	tong1
惶	wong4
件	gin6
佚	yat6
聞	man4
章	jeung1
鞄	paai4
瀾	laan4
怙	wu6
眄	min5
筮	sai6
漰	paang4
栭	yi4
渥	ak1
霹	pik1
讦	kit3
婚	fan1
螀	jeung1
軟	yun5
诫	gaai3
賣	maai6
顑	ham2
戩	jin2
冱	wu6
萬	maan6
铫	diu6
躬	gung1
豗	fui1
讞	yin6
傘	saan3
比	bei2
㩒	gam6
荄	goi1
恐	hung2
雁	ngaan6
鸯	yeung1
癖	pik1
裸	lo2
琼	king4
嶗	dang3
惮	daan6
衒	yun6
匊	guk1
蕃	faan4
歼	chim1
囀	jyun2
幰	hin3
劏	tong1
蓂	ming4
燴	wui6
想	seung2
锞	gwo2
拷	haau2
嚅	yu4
蕲	kei4
乱	lyun6
禜	wing6
淮	waai4
澗	gaan3
氐	dai1/dai2
钒	faan4
楝	lin6
鹕	wu4
陬	jau1
虻	mong4
甓	pik1
嫌	yim4
躉	dan2
栎	lik1
枕	jam2
駜	bei3
堈	gong1
钙	koi3
霖	lam4
肖	chiu3
枷	ga1
硗	haau1
羚	ling4
閭	leui4
網	mong5
凄	chai1
漦	lei4
蛜	yi1
阿	a3/o1
孑	kit3
俑	yung2
懶	laan5
哚	deu1/do2
蔇	gei3
帮	bong1
攲	kei1
硨	che1
题	tai4
吲	chan2
漓	lei4
搰	wat6
躯	keui1
去	heui3
圇	leun4
疑	yi4
憬	ging2/gwing2
艴	fat1
厘	lei4/lei4
鵰	diu1
熹	hei1
援	wun4/yun4
諮	ji1
蓁	jeun1
賬	jeung3
鴠	taan3
漠	mok6
哆	chi2/do1
耧	lau4
汞	hung6
賧	jin6
玁	him2
湜	jik6
棠	tong4
铃	ling4/ling1
翚	fai1
猙	jaang1/jang1
蓏	lo2
奄	yim2
鼐	naai5
嶮	him2
谒	yit3
癜	din6
掐	haap3
湝	gaai1
冧	lam1/lam3
遘	gau3
騕	yiu5
蝣	yau4
侚	seun1
鱿	yau4
鲤	lei5
孰	suk6
哙	faai3
輟	jyut3
瀦	jyu1
矛	maau4
咖	ga1/ga3/ka1
朋	pang4
毵	saam1
镬	wok6
涪	fau4
匆	chung1
祕	bei3
担	daam1/daam3
鰉	wong4
楟	ting4
渫	sit3
軱	gu1
奠	din6
凱	hoi2
终	jung1
髒	jong1
筹	chau2/chau4
欿	ham2
目	muk6
胥	seui1
姹	cha3
邏	lo4/lo6
氥	saan1/sin1
刎	man5
坆	fan4
筝	jang1/jaang1
踎	mau1
瘗	yi3
镑	bong2/bong6
謼	fu1
膘	biu1
鯧	cheung1
沄	wan4
掀	hin1
崢	jang1
涊	nin5
蟶	ching1
曏	heung3
抓	jaau2/ja1
悻	hang6
馊	sau1
恻	chak1
縢	tang4
猴	hau4
胀	jeung3
暹	chim1/chim3
回	wui4
壈	lam5
郴	sam1
鹽	yim4
缙	jeun3
需	seui1
鴨	aap3/ngaap3
醺	fan1
砉	waak6
粮	leung4
湔	jin1
禸	yau2
蓀	syun1
蔓	maan6
滟	yim6
癪	jik1
蘆	lou4
撟	giu2/giu6
寄	gei3
崒	jyut3
姽	gwai2
萇	cheung4
羨	sin6
蹌	cheung1
妫	gwai1
臻	jeun1
馆	gun2
湫	jau1/jiu2
诃	ho1
贸	mau6
騅	zeoi1
欹	kei1/yi1
耿	gang2
犇	ban1
摧	cheui1
狼	long4
舟	jau1
軼	yat6
設	chit3
那	na5
遑	wong4
铱	yi1
紼	fat1
丑	chau2/chau2
寃	yun1
耘	wan4
餺	bok3
饭	faan6
纠	gau2
扳	paan1
蝃	dai3
淇	kei4
标	biu1
俷	fei4
婊	biu2
伯	baak3/ba3
澆	giu1/hiu1
外	ngoi6/oi6
猜	chaai1
宛	yun2
e3	e1
械	haai6
頲	ting5
遶	yiu5
邬	wu1
桧	kui2
襬	baai2
苒	yim5
叵	po2
膊	bok3
霣	wan5
鋍	but6
撈	laau4/lou4
羃	mik6
鞘	chiu3/saau1
旅	leui5
銹	sau3
眺	tiu3
卷	gyun3/gyun2
堕	do6
脐	chi4
羋	me1/me5
蟲	chung4
驚	ging1/geng1
壻	sai3
纵	jung3
絛	tou3
指	ji2
驻	jyu3
烋	yau1
濈	chap1
彈	daan2/daan6/taan4
遨	ngou4
尝	seung4/seung4
姗	saan1
磑	wui1
剴	hoi2
詑	to4
肋	laak6/lak6
伎	gei6
劣	lyut3
蘚	sin2
蚧	gaai3
颭	jim2
懥	chi3/ji3
灒	jaan3/jaan6
複	fuk1
鰒	fuk1
刃	yan6
劌	gwai3
坏	waai6
叻	lek1
綹	lau5
盤	pun4
窅	yiu2
责	jaak3
凤	fung6
嗱	naa4
轮	leun4
螵	piu1
篯	jin1
挝	wo1/gwo1/ja1
鏑	dik1
縹	piu5
岡	gong1
萐	saap3
罄	hing3
葩	ba1/pa1
计	gai3
喀	kak1
愴	chong3
蠍	hit3
袅	niu5
掯	kang3
澧	lai5
怦	ping1
鏷	buk6
娣	dai6/tai5
刘	lau4
畾	leui5
邇	yi5
盜	dou6
痕	han4
髟	biu1
升	sing1/sing1/sing1
鯰	nim4
胭	yin1
冓	gau3
腾	tang4
渟	ting4
惑	waak6
貂	diu1
佣	yung4
緡	man4/fan1
飢	gei1
鵒	yuk6
伟	wai5
湯	tong1
僱	gu3
泱	yeung1
嫒	oi3
鎗	cheung1
谌	sam4
耏	yi4
嚶	ang1/ying1
於	yu1
阮	yun5
泫	yun5
注	jyu3/jyu3
衛	wai6
奖	jeung2
愚	yu4
跟	gan1
砣	to4
餧	noi5/wai3
桎	jat6
姊	ji2
驰	chi4
鞫	guk1
兵	bing1
蝼	lau4
褫	chi2
蘊	wan3
氾	faan3
王	wong4
稱	ching1/ching3/chan3
勞	lou4/lou1
餒	neui5/noi5
鶇	dung1
跄	cheung1
愆	hin1
瀧	lung4
肱	gwang1
鹭	lou6
宧	yi4
彷	fong2/pong4
等	dang2
鹧	je3
抠	kau1
溯	sou3
瘁	seui6
搓	cho1/chaai1
莊	jong1
踮	dim3
詢	seun1
聶	nip6
厎	ji2
嘤	ang1/ying1
劊	gui3/kui2
綑	kwan2
莳	si4
櫟	lik1
葷	fan1
代	doi6
錡	yi2
渦	wo1/gwo1
藾	laai6
諫	gaan3
脆	cheui3
仑	leun4/leun4
兜	dau1
夹	gaap3/gaap2
氡	dung1
鈇	fu1
輜	ji1
鬟	waan4
釕	liu5
訣	kyut3
亚	a3/nga3
荭	hung4
飀	lau4
螄	si1
兰	laan4
邨	chyun1
屩	geuk3
偷	tau1
揶	ye4
懂	dung2
块	faai3
弈	yik6
耤	jik6
驦	seung1
灃	fung1
瑶	yiu4
綦	kei4
坒	bei2
轀	wan1
諦	dai3
琴	kam4
鐐	liu4
紳	san1
漊	lau4
魂	wan4
輝	fai1
砧	jam1
儌	hiu1
攔	laan4
化	fa3
掞	sim3
鲂	fong4
亡	mong4
垩	ok3
榱	cheui1
甭	bang2
跣	sin2
伕	fu1
妵	tau2
錏	a3
幂	mik6
伀	jung1
棺	gun1
讆	wai6
九	gau2
婀	o2
溴	chau3
鍰	waan4
锴	kaai2
涷	dung1
桁	haang4/hang4/hong4/hong6
蒞	lei6
盾	teun5
譬	pei3
劢	maai6
鳢	lai5
蹬	dang1/dang6
苧	chyu5
镱	yi3
襚	seui6
竞	ging3
绎	yik6
紿	doi6
胺	on1
睐	loi6
畚	bun2
僰	baak6
亥	hoi6
骱	haai6
闈	wai4
茍	gau2
过	gwo3
鬭	dau3
镗	tong1
乓	bam1/pong1
媢	mou6
鄣	jeung1
狉	pei1
荛	yiu4
尊	jyun1/jeun1
衾	kam1
贶	fong3
企	kei5
緹	tai4
旆	pui3
隩	yuk1
瘼	mok6
謹	gan2
涟	lin4
蚺	yim4
才	choi4/choi4
缌	si1
陡	dau2
頭	tau4
羢	yung4
腦	nou5
岨	jo2
岢	ho2
谬	mau6
紞	daam1
鳌	ngou4
習	jaap6
会	wui5/wui6/wui2
玅	miu6
蜆	hin2
薁	yuk1
孝	haau3
紮	jaat3
踧	chuk1
赅	goi1
愛	oi3/ngoi3
蹭	sang3
壺	wu4
樿	jin2
杌	ngat6
柵	chaak3/saan1/saan3
駙	fu6
喆	jit3
躍	yeuk6/yeuk3/tik1
奰	bei6
枻	sit3
欢	fun1
螾	yan5
曦	hei1
嚜	ma1/mak1
法	faat3
镟	syun4
愷	hoi2
暄	hyun1
苞	baau1
值	jik6
諵	naam4
飧	syun1
丸	yun2/yun4
弘	wang4
襴	laan4
魆	yut6
俗	juk6
薿	yi5
忝	tim2
录	luk6
徭	yiu4
髏	lau4
捕	bou6
餳	ching4
獒	ngou1
鬑	lim4
捣	dou2
猇	haau1
鮫	gaau1
吸	kap1
痪	wun6
湮	yan1
竖	syu6
薅	hou1
欞	ling4
踖	jik1
辘	luk1
雌	chi1
罻	wai3
讼	jung6
纖	chim1
裆	dong1
誙	haang1
咁	gam3/gam2
吝	leun6
酏	yi4
三	saam1/saam3
平	ping4
牘	duk6
鄘	tong4
薜	bai6
牾	ng5
峤	giu6/kiu4
牌	paai4
喋	dip6
骢	chung1
砸	jaap3
邱	yau1
燥	chou3
泽	jaak6
詐	ja3
銻	tai1
髌	ban3
醝	cho1
姉	ji2
醁	luk6
粘	nim1/jim1/nim4
谐	haai4
寿	sau6
繐	seui6
弯	waan1
鴈	ngaan6
諍	jaang3/jang3
蕠	yu6
囷	kwan1
蘭	laan4
泅	chau4/yau4
漉	luk6
躭	daam1
磷	leun4
筦	gun2
巰	kau4
塙	kok3
腥	seng1/sing1
秘	bei3/bei3
埠	fau6/bou6
蕩	dong6
関	gwaan1
蓮	lin4
鍼	jam1
苌	cheung4
砦	jaai6
陇	lung5
叭	ba1
式	sik1
酱	jeung3
厰	chong2
油	yau4
糰	tyun4
馥	fuk6/fuk1
鏹	keung5
洗	sai2
泰	taai3
刁	diu1
唶	je3
摔	seui1/seut1
蚪	dau2
鈺	yuk6
驔	taam4
擎	king4
除	cheui4
舁	yu4
砵	but3
憪	haan4
矫	giu2
东	dung1
愎	bik1
丱	gwaan3
锕	a1
麾	fai1
迋	wong6
辦	baan6
忭	bin6
纍	leui4
论	leun6
筸	gon2
扈	wu6
醽	ling4
摈	ban3
擻	sau2
孀	sung1
斐	fei2
痹	bei3/bei3
蜃	san5/san6
旌	jing1/sing1
刷	chaat3
稟	ban2
蕆	chin2/jin2
甔	daam1
桶	tung2
面	min6/min6
檳	ban1
逦	lei5
森	sam1
礫	lik1
躁	chou3
尧	yiu4
嗫	jip3
牴	dai2
齎	jai1
彰	jeung1
辁	chyun4
綪	sin3
达	daat6
趷	gat6
袂	mai6
鎭	jan3
矻	ngat6
境	ging2
釦	kau3
寁	jaan2
染	yim5
疆	geung1
僑	kiu4
昃	jak1
旃	jin1
垝	gwai2
藨	biu1
骈	pin4
黎	lai4
齷	aak1
冑	jau6
宦	waan6
炭	taan3
龢	wo4
碇	deng6
侍	si6
撬	giu6
弥	nei4/mei4/nei4
嘟	dou1
摹	mou4
滩	taan1/taan5
邐	lei5
蚱	ja3/jaak3
兇	hung1
泼	put3
壩	ba3
拗	aau2/aau3
岘	yin6
涠	wai4
躜	jyun2
簖	dyun6
阍	fan1
慰	wai3
钨	wu1
齙	baau1/baau6
积	jik1
昨	jok3
诈	ja3
抛	paau1
濁	juk6
涤	dik6
琉	lau4
褥	yuk6
耻	chi2
滎	ying4
潟	cheuk3/sik1
时	si4
負	fu6
楮	chyu5
鸦	a1
僖	hei1
诽	fei2
耞	ga1
盼	paan3
月	yut6
翥	jyu3
瀉	se3/se2
鸡	gai1
沚	ji2
錶	biu1
屮	chit3
相	seung1
鞙	gyun1
衭	fu1
蒂	dai3
璞	pok3
匙	chi4/si4
重	jung6/chung4/chung5
蹯	faan4
謀	mau4
碾	nin5
挌	gaak3
掛	gwa3
嵩	sung1
彧	yuk1
跞	lok3/lik1
酋	chau4/yau4
锉	cho3/cho3
梲	jyut3
翮	gaak3/hat6
挥	fai1
妮	nei4
鴆	jam6
磨	mo4/mo6
暾	tan1
釘	deng1
椵	ga2
鵂	yau1
煁	nam4/sam4
頜	gap3
炱	toi4
砺	lai6
屹	ngat6
颔	ham5
腊	laap6/sik1/laap6
糝	saam2
華	wa4
侑	yau6
偿	seung4/cheung4
搥	cheui4
篘	chau1
墊	din3/jin3/din6
荨	cham4/cham4
韝	gau3
霞	ha4
紉	yan6
颏	hoi4
霆	ting4
啫	jek1/je1/jēu
辱	yuk6
朝	jiu1/chiu4
挞	taat3/daat3
恸	dung6
灯	dang1
上	seung6/seung5
涌	chung1
仡	gaak3/ngat6
冷	laang5
廊	long4
楙	mau6
园	yun4
嫪	lou6
汎	faan3/faan6
藤	tang4
驟	jaau6/jau6
鷟	jok3
脹	jeung3
韓	hon4
鷴	haan4
嘴	zeoi2
蹓	lau6
塿	lau5
樖	po1
白	baak6
氲	wan1
栾	lyun4
久	gau2
鈸	bat6
轹	lik1
凛	lam5
髺	kut3
昽	lung4
厙	se3
鵬	paang4
铗	gaap3
愨	kok3
顿	deun6/duk6
筍	seun2
鴯	yi4
登	dang1
同	tung4
緋	fei1
遣	hin2
縡	joi2
磛	chaam4
奭	sik1
杵	chyu5
厲	lai6
罽	gai3
痫	haan4
邹	jau1
卓	cheuk3
缚	bok3/fok3
鬼	gwai2
鳷	ji1
扉	fei1
释	sik1
撳	gam6
镰	lim4
釣	diu3
匾	bin2/pin4
睽	kwai4
笞	chi1
瞍	sau2
誊	tang4
湩	dung3
鯢	ngai4
噂	jyun2
颼	sau1
鈒	jaap6
諏	jau1
珌	bit1
氿	gwai1
条	tiu4
恉	ji2
貫	gun3
樱	ying1
棍	gwan3
沩	gwai1
纩	kwong3
盎	ong3
杉	chaam3/saam1
霭	oi2
闒	taap3
岬	gaap3
张	jeung1
襫	sik1
摙	lin5
馅	haam5
氚	chyun1
峋	seun1
矱	wok3
刍	cho1
菢	bou6
罋	ong3/ung3
名	ming4/meng4
俬	si1
榜	bong2
鷗	au1
禦	yu6
獎	jeung2
雊	gau3
箸	jyu3/jyu6
嶝	dang3
撻	taat3/daat3
盱	heui1
魛	dou1
程	ching4
冏	gwing2
鞀	tou4
侗	dung6/tung4
綾	ling4
肪	fong1
臨	lam4
杴	yan1
汐	jik6
诙	fui1
邅	jin1
鎧	hoi2
色	sik1
顳	nip6
史	si2
笺	jin1
娱	yu4
燻	fan1
负	fu6
項	hong6
阕	kyut3
聂	nip6
賈	ga2/gu2
鈽	bou3
聱	ngou4
D	di1
杂	jaap6/jaap3
癫	din1
騠	tai4
跨	kwa3
靆	doi6
俛	fu2/min5
师	si1
顣	chuk1
弟	dai6
背	bui3/bui6/bui3
踴	yung2
留	lau4
窬	yu4
晡	bou1
擔	daam1/daam3
東	dung1
礡	bok3
浑	wan4
奓	ja1/se1
滿	mun5
菅	gaan1
埧	geui6
址	ji2
拨	but6
毒	duk6
鋪	pou3
胎	toi1
玃	fok3
佩	pui3/pui3
箨	tok3
酎	jau6
召	jiu6/siu6
鮮	sin1/sin2
傒	hoi4
貳	yi6
裯	chau4
蒇	chin2/jin2
跂	kei4/kei5
歕	pan3
突	dat6
顎	ngok6
铯	sik1
柄	beng3
肄	yi6
隴	lung5
渖	sam2
蕺	chap1
捻	nim2/nip6/nan2/nin2
鲇	nim4
揗	cheun4/tan4
馑	gan2
鄢	yin1
宋	sung3
其	kei4
鉀	gaap3
愈	yu6/yu6
齆	ung3
窾	fo1/fun2
云	wan4/wan4
蠏	haai5
峒	dung6/tung4
齊	chai4
銫	sik1
观	gun1/gun3
罏	lou4
輀	yi4
胝	dai1/ji1
窣	seut1
凑	chau3
欄	laan4
瀡	seui5
齪	chuk1
舋	lang6/yan3
以	yi5
锓	chim1
悍	hon5/hon6
襲	jaap6
沆	hong4
彤	tung4
顾	gu3
糴	dek3/dek6
痒	yeung5
賾	jak3
掌	jeung2
鴄	pat1
吧	ba1/ba6
矞	wat6
徂	chou4
郦	lik6
星	sing1
轴	juk6
瞌	hap6
祸	wo6
蕭	siu1
鲛	gaau1
厣	yim3
秣	mut3
薷	yu4
镐	gou2/hou6
醨	lei4
晴	ching4
灕	lei4
蘧	keui4
磴	dang3
脾	pei4
崤	ngaau4
惸	king4
双	seung1
郯	taam4
泣	yap1
抉	kyut3
屁	pei3
蜘	ji1
貞	jing1
鄤	maan6
蹕	bat1
穿	chyun1
昏	fan1
榿	kei1
屣	saai2
撥	but6
眠	min4
卣	yau5
阃	kwan2
豖	deuk3
挚	ji3
俵	biu3
喪	song1/song3
啬	sik1
詮	chyun4
藉	je3/je6
両	leung5
鸠	gau1/kau2
窭	geui6/lau4
睫	jit6
訟	jung6
煢	king4
逄	pong4
墩	dan2/deun1
饈	sau1
痗	fui3/mui6
玼	chi2
R	aau1
胚	pui1
宬	sing4
樑	leung4
瀑	buk6
討	tou2
貧	pan4
閬	long5
宫	gung1
滠	sip3
鰱	lin4
抡	leun4
舞	mou5
骅	wa4
詿	gwa3
豪	hou4
綆	gang2
越	yut6
緪	gang1
乸	na2
漸	jim6
串	chyun3
驽	nou4
燏	wat6
拦	laan4
洁	git3
休	yau1
螟	ming4
阂	hat6
痖	a2
硃	jyu1
琲	pui5
渔	yu4
諱	wai5
掖	yik6
啖	daam6
阱	jing6
滥	laam6
瘋	fung1
且	che2
鈑	baan2
形	ying4
虽	seui1
邴	bing2
笸	po2
退	teui3
俚	lei5
霓	ngai4
貿	mau6
矾	faan4
镒	yat6
甿	man4
耩	gong2/kau1
噹	dong1
戽	fu3
洄	wui4
覺	gaau3/gok3
鸣	ming4
荏	yam5
擯	ban3
儻	tong2
擤	sang3
斑	baan1
敛	lim6
燎	liu4
靛	din6
鋕	ji3
楹	ying4
鱐	suk1
猝	chyut3
滁	chyu4
駔	jong2
紫	ji2
僇	luk6
魬	baan2
骫	wai2
歛	lim5
濡	nyun5/yu4
鋅	san1
嘸	m4
訇	gwang1
撵	lin5
銲	hon6
響	heung2
吪	ngo4
茆	maau5
舄	sik1
郎	long4
錘	cheui4
島	dou2
舨	baan2
恍	fong2
蕖	keui4
忤	ng5
芳	fong1
脛	ging3/hing5
盛	sing6/sing4
闳	wang4
棐	fei2
蚘	wui4
蒹	gim1
調	diu6/tiu4
轭	aak1/ngaak1
刖	yut6
赡	sim6
戈	gwo1
驌	suk1
聒	kut3
嫠	lei4
绦	tou3
傥	tong2
瘫	taan1
實	sat6
绺	lau5
榫	seun2
檀	taan4
詻	ngaak6
痤	cho4
珊	saan1
爇	yut3
艦	laam6
阵	jan6
錩	cheung1
鍠	wong4
灭	mit6
厕	chi3
澴	waan4
鉶	ying4
幌	fong2
耇	gau2
玲	ling4
餗	chuk1
鍘	jaat3
乔	kiu4
赕	jin6
軔	yan6
幻	waan6
谋	mau4
睍	yin5
篹	jaan6/syun2
镞	juk6
帱	chau4/dou6/tou4
鑛	gwong3
统	tung2
料	liu2/liu6
醒	sing2
娸	hei1
贗	ngan3
炮	paau3/paau3/baau3/paau4
炽	chi3
純	seun4
瓜	gwa1
啄	deuk3
廄	gau3
呷	haap3
茶	cha4
蟬	sim4/sin4
禕	yi1
矩	geui2
粧	jong1
纑	lou4
衵	nik1/yat6
奴	nou4
酮	tung4
陾	ying4
駕	ga3
丽	lai6
鞮	dai1
羞	sau1
髓	seui5
综	jung3
皑	ngoi4/yi4
緝	chap1
捏	nip6
汭	yeui6
饞	chaam4
履	lei5/leui5
駁	bok3
嚳	guk1
劈	pek3/pik1
饟	heung2
噜	lou1
抢	cheung2
𠝹	gaai3
診	chan2
髇	haau1
舱	chong1
鹦	ying1
技	gei6
鲜	sin1/sin2
淋	lam4
靶	ba2
绞	gaau2
綽	cheuk3
咺	hyun1
雷	leui4
趸	dan2
皈	gwai1
祯	jing1
牖	yau5
沸	fai3/faak1
濑	laai6
鸕	lou4
賨	chung4
蹁	pin4
蜉	fau4
陂	bei1/pei4/po1
骘	jat1
穫	wok6
鵙	gwik1
绌	jeut3
將	jeung1/jeung3
矓	lung4
槻	kwai1
罹	lei4
慨	koi3
耬	lau4
甖	aang1
氍	keui4
笭	ling6
铼	loi4
晷	gwai2
脧	jeun1
鈐	kim4
嗡	yung1
交	gaau1
沼	jiu2
嵇	kai1
疽	zeoi1
钆	gaat3
蛹	yung2
鞏	gung2
斗	dau2/dau3
龟	gwai1
蛲	yiu4
嗄	a2/sa3
荆	ging1
钼	muk6
驅	keui1
葛	got3
棖	chaang4/chaam4/chaam5/chaan5
瞅	chau2
葯	yeuk6
咗	jo2
栝	kut3
饷	heung2
戇	ngong6
涮	saan3
遺	wai4/wai6
墺	ou3
棄	hei3
捵	din2
铨	chyun4
氬	a3
髣	fong2
苍	chong1
粻	jeung1
酚	fan1
啥	sa1
钐	saam1
黴	mei4
亞	a3/nga3
篦	bei1/bei6
幟	chi3
蚿	yin4
砅	lai6
裂	lit6
讽	fung3
颻	yiu4
磅	bong6/bong2
吆	yiu1
衙	nga4
讳	wai5
馳	chi4
运	wan6
璚	ging4
瘸	ke4
碔	mou5
缏	pin4
台	toi4/toi4*2/toi4/toi4
蚓	yan5
惟	wai4
悵	cheung3
榼	hap6
隱	yan2
橕	chaang1
蜮	wik6
侁	san1
輇	chyun4
蚜	nga4
邡	fong1
鲮	ling4
媟	sit3
嘈	chou4
荑	tai4/yi4
噴	pan3
雠	chau4
皎	gaau2
靰	wu1
摞	lo6
阎	yim4
味	mei6
触	juk1/chuk1
犉	seun4
箬	yeuk6
賕	kau4
乖	gwaai1
襖	ou2
鬨	hung6
雀	jeuk3
糖	tong4/tong2
轏	jaan6
抹	maat3/mut3
郅	jat6
薙	tai3
魚	yu2
飩	tan1
隼	jeun2
觎	yu4
贔	bai3
杓	seuk3
苁	chung1
篾	mit6
钔	mun4
晝	jau3
室	sat1
骭	gon3
塈	kei3
灘	taan1/taan5
禫	daam6
吹	cheui1
怂	sung2
吽	hung1/ngau6
端	dyun1
氰	ching1
井	jeng2/jing2
昶	chong2
媸	chi1
鄯	sin6
虯	kau4
页	yip6
鸬	lou4
僕	buk6
獼	lei4/mei4
廕	yam3
腎	san5
蠆	chaai3
素	sou3
悚	sung2
鏃	juk6
冀	kei3
踽	geui2
鉑	bok6
蔼	oi2
宄	gwai2
埰	choi3
儩	chi3
刵	yi5
妊	yam4
締	dai3
托	tok3/tok3
雋	jeun3/syun5
訂	ding3/deng6
敞	chong2
閪	hai1
患	waan6
掽	pung3
扁	bin1/pin1
蹚	tong4
滸	wu2
渊	yun1
惠	wai6
攀	paan1
羟	keung5
澉	gam2
它	ta1
褵	lei4
梏	guk1
塒	si4
锬	taam4
坞	wu2
朱	jyu1/jyu1
臂	bei3
从	chung4
扠	cha1
櫚	leui4
遐	ha4
鐓	deun1
娥	ngo4
楠	naam4
粽	jung2/jung3
吞	tan1
光	gwong1
醅	pui1
贩	faan3
蛀	jyu3
場	cheung4
颛	jyun1
野	ye5
霩	gwok3
兖	yin5
晟	sing4
变	bin3
踫	pung3
狩	sau3
曹	chou4
似	chi5
食	sik6
糌	ja1
嘻	hei1
倫	leun4
鱨	seung4
蓄	chuk1
闩	saan1
槓	gung3
买	maai5
輗	ngai4
戗	cheung3
讎	chau4
顼	guk1/yuk1
贺	ho6
麽	mo1
崋	wa4
桥	kiu4
竊	sit3
幦	mik6
急	gap1
鄬	wai4
齠	tiu4
段	dyun6
阆	long5
彆	bit3
诨	wan6
鳔	piu5
儹	jyun2
懣	mun6
缈	miu5
谔	ngok6
坱	yeung2
鉲	ka2
攒	chyun4/jaan2
嗾	juk6/sau2
蘋	ping4/pan4
贐	jeun2
儺	no4
蝗	wong4
哂	saai3/chan2
鄮	mau6
鏡	geng3
嘁	chik1
耐	noi6
钌	liu5
鄒	jau1
彬	ban1
邲	bei3
讟	duk6
鍬	chiu1
蔂	leui4/lo4
鑐	seui1
廚	chyu4/cheui4
替	tai3
具	geui6
跖	jek3
寓	yu6
鶿	chi4
纤	hin3/chim1
驺	jau1
遝	daap6
洚	gong3
喿	cho3
蹧	jou1
凍	dung3
闞	haam2/ham3
惯	gwaan3
侘	cha3
榮	wing4
副	fu3
鵁	gaau1
娜	no5
莫	mok6
郏	gaap3
棲	chai1
瀹	yeuk6
偪	bik1
掙	jaang6/jang1
襠	dong1
箙	fuk6
諢	wan6
梁	leung4/leung4
删	saan1
安	on1/ngon1
逯	luk6
咬	ngaau5
曳	yai6
暱	nik1
氦	hoi6
颮	paau1
仟	chin1
軌	gwai2
猞	se3
脤	san4
刱	chong1/chong3
纓	ying1
蓴	seun4
繁	faan4
砖	jyun1
隻	jek3
蕙	wai6
軾	sik1
喦	ngaam4
鼙	pei4
溽	yuk6
棃	lei4
噯	oi2
噳	keuk3
餼	hei3
簑	so1
垃	laap6
錳	maang5
聍	ning4
辗	jin2
儈	kui2
林	lam4
疖	jit3
儽	leui5
丹	daan1
趙	jiu6
绳	sing4
罾	jang1
賄	kui2
芘	bei3
籧	keui4
嶞	do6
津	jeun1
贖	suk6
脚	geuk3
痚	haau1
龇	ji1
冤	yun1
畦	kwai4
訐	kit3
艩	chai4
筌	chyun4
窗	cheung1
险	him2
朵	do2/deu2
徜	seung4
两	leung5
北	bak1
黏	nim4/nim1/jim1
浠	hei1
砚	yin6
緦	si1
饯	jin3
鵜	tai4
硐	dung6
澡	jou2
巡	cheun4
喨	leung6
浦	pou2
琚	geui1
镁	mei5
德	dak1
谖	hyun1
蹇	gin2
芙	fu4
错	cho3
焯	cheuk3/jeuk3
篇	pin1
瘘	lau6
毿	saam1
鎵	ga1
匣	haap6
胲	goi2/hoi2
窓	cheung1
瞻	jim1
崚	ling4
淰	nam6/nam4
铀	yau4
礅	dan1
郪	chai1
涉	sip3
槽	chou4
頞	aat3
饫	yu3
颊	gaap3
鑫	yam1
奋	fan5
罔	mong5
芩	kam4
畿	gei1
葑	fung1
浚	jeun3
婪	laam4
剟	jyut1
餞	jin3
萩	chau1
舂	jung1
颤	jin3
覽	laam5
塗	tou4
鋤	cho4
囗	wai4
蹴	chuk1
略	leuk6
甡	san1
谰	laan4
贇	wan1
閶	cheung1
郟	gaap3
寢	cham2
陴	pei4
镨	pou2
埚	wo1
餌	nei6
鍔	ngok6
絪	yan1
蒱	po4
瓦	nga5
腍	nam4/nam6
佞	ning6
屭	ai3
惙	jyut3
隗	ngai5/wai4
竁	cheui3
搠	sok3
鮓	ja2
裘	kau4
菏	ho4/go1
鴃	kyut3
途	tou4
蕝	jyut3
嗳	oi2
韶	siu4
朦	mung4
夏	ha6
溘	hap6
踱	dok6
應	ying1/ying3
雜	jaap6/jaap3
訶	ho1
褌	gwan1
願	yun6
啁	jau1
钶	o1
懇	han2
簧	wong4
燉	dan6/deun6
臣	san4
棻	fan1
跻	jai1
觖	kyut3
冉	yim5
顒	yung4
銜	haam4
岸	ngon6
舸	go2/ho2
记	gei3
變	bin3
鱮	zeoi6
倆	leung5
畔	bun6
殓	lim6
鐃	naau4
鈁	fong1
谍	dip6
闍	se6
镂	lau6
案	on3/ngon3
鬁	lei1/lei6
執	jap1
頖	pun3
風	fung1
鬠	kut3/jang3
低	dai1
缅	min5
傕	gok3
皿	ming5
螈	yun4
氽	tan2/tan2
繕	sin6
使	sai2/si2/si3
嗷	ngou1
餂	tim5
錔	daap6
榷	kok3
飛	fei1
填	tin4
杇	wu1
葽	yiu1
漙	tyun4
枒	nga4
趼	gin2/yin4
缽	but3
硝	siu1
灉	yung1
餻	gou1
闃	gwik1
逸	yat6
竭	git3
田	tin4
活	wut6
苹	ping4/pan4/ping4
缋	kui2
轅	yun4
埘	si4
袼	gok3
啧	jaak3/jik1
夬	gwaai2
沐	muk6
鑑	gaam3
巔	din1
誅	jyu1
稃	fau4/fu1
膿	nung4
嵎	yu4
軍	gwan1
惬	hip3
颿	faan4
声	seng1/sing1
鲚	chai5
蚝	hou4/hou4
鄐	chuk1
瞑	ming4
饬	chik1
憊	baai6/bei6
蹀	dip6
砲	paau3/baau3/paau4
楂	ja1
髖	fun1
刲	gwai1
綢	chau4
搌	jin2
卯	maau5
屺	gei2/hei2
覷	cheui3
饮	yam2
垗	jiu6
臝	lo2
臆	yik1
蕹	yung1/ung3
铊	ta1/to4
闼	taat3
谛	dai3
觫	chuk1
掊	pau4
敗	baai6
踤	chyut3
麇	gwan1/kwan4
慚	chaam4
芼	mou4
诱	yau5
瘭	biu1
嵫	ji1
閾	wik6
佾	yat6
遍	pin3
骧	seung1
衷	chung1/jung1
縏	pun4
蓯	chung1
鱸	lou4
祏	sik6
佯	yeui4
豜	gin1
閌	kong3
谫	jin2
涝	lou6
叔	suk1
餟	jyut3
桤	kei1
郭	gwok3
膷	heung1
勅	chik1
歈	yu4
沌	deun6
擸	laap3
紟	kam1
禄	luk6
餜	gwo2
褻	sit3
鍵	gin6
賀	ho6
针	jam1
輬	leung4
蝎	hit3/hit3
錫	sek3/sik1
洨	ngaau4
骐	kei4
碍	ngoi6
谩	maan4/maan6
舜	seun3
襜	jim1/lim5
蠱	gu2
惩	ching4
柟	naam4
哎	aai1
魨	tyun4
陷	haam6
溪	kai1
紃	cheun4
蓪	tung1
薧	haau2
蹐	jik3
尨	mong4/mung4/pong4
苾	bat6
癒	yu6
扑	pok3/bok1
捭	baai2
翃	wang4
悒	yap1
磡	ham3
夼	kwaang2/kwong3
梅	mui4
蚤	jou2
猗	yi1
殂	chou4
藁	gou2
瑋	wai4
儆	ging2
隒	yim2
燜	mun6
楷	gaai1/kaai2
笤	tiu4
薀	wan1
鞦	chau1
鷭	faan1
蒡	bong2
萌	mang4
蝯	yun4
夤	yan4
珠	jyu1
箱	seung1
鲸	king4
屦	geui3
婤	jau1
萆	bei1
潲	sau3
荚	gaap3
掸	daan6/sin6
麓	luk1
鉄	tit3
厴	yim3
蕉	jiu1
崍	loi4
茎	hang4
獉	jeun1
陳	chan4
閒	haan4
笔	bat1
滫	sau2
滕	tang4
联	lyun4
樵	chiu4
啉	lam1
紇	gat1
蠙	ban1
搾	ja3
槔	gou1
缥	piu5
檗	baak3
牼	hang1
剸	jyun1
髯	yim4
予	yu5/yu4
隐	yan2
摷	jiu6/chaau3
酾	si1
武	mou5
縿	saam1
睿	yeui6
嗶	bat1
甩	lat1
嘏	ga2/gu2
华	wa4
镧	laan4
墅	seui5
跎	to4
髲	bei6
撿	gim2
彎	waan1
饱	baau2
渍	ji3
龛	ham1
齶	ngok6
美	mei5
辑	chap1
满	mun5
椳	wui1
凵	ham1
规	kwai1
鹥	yi1
簉	jou6
溷	wan6
妈	ma1
夫	fu1/fu1
镡	taam4
泷	lung4
汉	hon3
胙	jou6
銕	tit3
黔	kim4
锆	gou3
樧	saat3
许	heui2
偫	doi6
膲	jiu1
拳	kyun4
盡	jeun6
捷	jit6
裔	yeui6
返	faan1/faan2
朗	long5
祈	kei4
怗	tip3
由	yau4
挾	hip6/gaap3/gip6/haap6/hip6
苙	lap1
霨	wai3
續	juk6
唧	jik1
釧	chyun3
袟	dit6
怎	jam2
譔	jaan6
堨	aat3
荈	chyun2
侀	ying4
謾	maan4/maan6
譊	naau4
瞽	gu2
羣	kwan4
拼	ping3/ping1
殴	au2
嘵	hiu1
咥	jat6/hei3
绶	sau6
籓	bun1
龑	yim5
诡	gwai2
俓	ging3
奼	cha3
燃	yin6
挪	no4/no1
县	yun6/yun2
唯	wai4/wai2
柜	geui2/gwai6
鬋	jin1
诬	mou4
積	jik1
栻	chik1
胃	wai6
霄	siu1
桮	bui1
饔	yung1
偽	ngai6
薛	sit3
囫	fat1
椑	bei1
厝	chou3
埶	jap1
兢	ging1
寅	yan4
撾	wo1/gwo1/ja1
滚	gwan2
聚	zeoi6
坎	ham2
犊	duk6
菌	kwan2
眨	jaap3/jaam2
蝌	fo1
浍	kui2
幣	bai6
薦	jin3
谆	jeun1
臐	fan1
尹	wan5
糶	tiu3
唛	mak1
锵	cheung1
贰	yi6
底	dai2
壼	kwan2
辯	bin6
曈	tung4
帖	tip3
娈	lyun5
旮	go1
当	dong1/dong3
哦	ngo4/o4/o6
殷	yan1/yin1
詣	ngai6
吉	gat1
襯	chan3
膨	paang4
跳	tiu3
产	chaan2
枸	gau2/geui2
邘	yu4
圣	sing3
陰	yam1
孺	yu4
尺	chek3
禛	jan1
埗	bou4
捱	ngaai4
疥	gaai3
犖	lok3
哤	mong4
譚	taam4
蔷	cheung4
讀	duk6
仨	saam1
縲	leui4
黽	man5
蕻	hung4/hung6
珧	yiu4
侯	hau4/hau6
鞃	wang4
竹	juk1
届	gaai3
被	bei6
壯	jong3
焓	ham4
饒	yiu4
待	doi6
弝	ba3
午	ng5
呿	keui1
烩	wui6
靪	ding1
膝	sat1
縕	wan3
砒	pei1
巖	ngaam4
鹳	gun3
綃	siu1
制	jai3/jai3
谡	suk1
嘂	giu3
峇	hap6
瘃	juk1
儳	chaam3
焮	yan3
鎛	bok3
谟	mou4
鰼	jaap6
妹	mui6
渴	hot3
糸	mik6
茁	jyut3
霽	jai3
腳	geuk3
繢	kui2
刜	fat1
蜞	kei4
誘	yau5
闤	waan4
宸	san4
桄	gwong1
缢	ai3
紲	sit3
凯	hoi2
姦	gaan1
眴	seun1/yun6
爵	jeuk3
稊	tai4
諒	leung6
靥	yip6
騤	kwai4
絶	zyut6
瀼	yeung4
群	kwan4
約	yeuk3
烽	fung1
激	gik1
胖	bun6
锻	dyun3
誄	loi6
苡	yi5
詁	gu2
茢	lit6
铩	saat3
斧	fu2
哭	huk1
瘌	laat3
冁	chin2
腶	dyun3
疚	gau3
窳	yu5
幸	hang6/hang6
榤	git6
菲	fei1/fei2
豬	jyu1
膋	liu4
誆	hong1
鮑	baau6/baau1
烘	hung1
漳	jeung1
服	fuk6
吃	hek3
豷	ai3
该	goi1
襢	taan2
赉	loi6
扞	hon6
织	jik1
疧	kei4
弧	wu4
屑	sit3
慪	au3
姻	yan1
悯	man5
嘆	taan3
音	yam1
围	wai4
沒	mut6
穨	teui4
陈	chan4
咿	yi1
潭	taam4
厓	ngaai4
輸	syu1
烴	ting1
敏	man5
肭	nat6
海	hoi2
昫	heui2
莸	yau4
埋	maai4
艤	ngai5
赭	je2
協	hip6
焕	wun6
戢	chap1
祊	bang1
嶓	bo1
矧	chan2
罪	zeoi6
芽	nga4
架	ga3/ga2
都	dou1
宽	fun1
儱	lung5
圳	jan3
蠼	fok3
咛	ning4
攖	ying1
吕	leui5
閎	wang4
噼	pet1
懆	cho3
佹	gwai2
勻	wan4
滙	wui6
燿	yiu6
缣	gim1
磚	jyun1
耵	ding2/ting1
贄	ji3
卢	lou4
攢	chyun4/jaan2
沕	mat6/mei6
唳	leui6
嗯	ng2
衩	cha3
揍	jau3
寔	sat6
漫	maan6
貓	maau1
潁	wing6
嫲	ma4
飂	liu4
箴	jam1
世	sai3
綴	zeoi3/jyut3
韩	hon4
隽	jeun3/syun5
单	daan1
建	gin3
瀚	hon6
驩	fun1
曚	mung4
氌	lou5
壅	yung1/yung2
騢	ha4
彘	ji6
著	jyu3
嚚	ngan4
獀	sau2
沭	seut6
險	him2
獗	kyut3
溠	ja3
妪	yu2
烝	jing1
種	jung2/jung3
攫	fok3
酖	daam1/jam6
茑	niu5
啦	la1/la3
筋	gan1
妄	mong5
抆	man5
俾	bei2
僚	liu4
蓠	lei4
宣	syun1
狲	syun1
嘜	mak1
嬸	sam2
漣	lin4
砠	jo2
絲	si1
鏸	wai6
甍	mang4
鬪	dau3
裳	seung4
煸	bin1
线	sin3
參	chaam1/sam1
姺	sin2
症	jing3/jing1
醆	jaan1
囈	ngai6
图	tou4
鄩	cham4
位	wai6/wai2
瘐	yu5
佶	gat1
硾	zeoi6
大	daai6
卸	se3
閹	yim1
轳	lou4
菡	aam2/haam5
漷	kwok3
鯫	jau1
契	kai3/kit3
謎	mai4/mai6
糁	saam2
梃	ting5
植	jik6
几	gei2/gei1
屋	uk1/nguk1
蠔	hou4
燒	siu1
沫	mut3
術	seut6
已	yi5
鰍	chau1
度	dou6/dok6
脈	mak6
彫	diu1
俠	haap6/hap6
渤	but6
葡	pou4
鰻	maan4
亦	yik6
蠣	lai6
廛	chin4
苗	miu4
籌	chau2/chau4
愐	min5
猖	cheung1
芝	ji1
隘	aai3
餛	wan4
答	daap3
郰	jau1
債	jaai3
缨	ying1
廂	seung1
闾	leui4
柝	tok3
颅	lou4
檉	ching1
花	fa1
屍	si1
馐	sau1
極	gik6
譯	yik6
駭	haai5/hoi4
襞	pik1
騣	jung1
緄	gwan2
睬	choi2
垕	hau5
狯	kui2
湿	sap1
胴	dung6
暘	yeung4
蛞	fut3/kut3
歠	jyut3
騮	lau4
惇	deun1
溉	koi3
鄑	ji1
啊	a3/a1/a2
毚	chaam4
侨	kiu4
桔	aat1/gat1
驥	kei3
歲	seui3
徑	ging3
京	ging1
衚	wu4
鷂	yiu6
慣	gwaan3
煬	yeung4
啕	tou4/tou4
骗	pin3
扬	yeung4
峰	fung1
嶺	leng5/ling5
廡	mou4/mou5
匽	yin2
弇	yim2
槍	cheung1
鏤	lau6
鹾	cho4
魏	ngai6
個	go3
壒	oi2
垔	yan1
冒	mou6/mak6
瀛	ying4
鍺	je2
顽	wan4
霁	jai3
黛	doi6
桀	git6
黐	chi1
樲	yi6
黶	yim2
飪	yam6
瘊	hau4
晢	jai3
澍	syu6
缬	kit3/lit3
齡	ling4
蜺	ngai4
昆	kwan1/gwan1
凸	dat6
璋	jeung1
戾	leui6
蠟	laap6
领	ling5/leng5
級	kap1
鷾	yi3
莓	mui4
裹	gwo2
糨	geung6
辉	fai1
歐	au1/ngau1
炉	lou4
枢	syu1
润	yeun6
蹜	suk1
縝	jan2
鹄	guk1/huk1
襋	gik1
儐	ban3
箍	ku1
摰	ji3
烤	haau2
銤	mai5
洏	yi4
甸	din6
咂	jaap3
地	dei6
漩	syun4
箑	jit6/sap3
矽	jik6
永	wing5
蝦	ha1
虮	gei2
鮀	to4
摄	nip6/sip3
講	gong2
烟	yin1
判	pun3
媞	tai4
溲	sau1
辖	hat6
胏	ji2
籐	tang4
允	wan5
綿	min4
车	che1/geui1
稿	gou2
溈	gwai1
諷	fung3
迟	chi4
創	chong3
聃	daam1
飞	fei1
漂	piu1/piu3
鳳	fung6
日	yat6
怡	yi4
許	heui2
觀	gun1/gun3
暉	fai1
仝	tung4
臊	sou1/sou3
鰹	gin1
製	jai3
弨	chiu1
谘	ji1
逶	wai1
跗	fu1
鸂	kai1
淜	paang4
堊	ok3
版	baan2
檖	seui6
褡	daap3
薢	gaai1
豸	jaai6/ji6
锾	waan4
硭	mong4
溅	jin1/jin3
弊	bai6
淠	pei3
鳎	taap3/taat3
喁	yung4
卻	keuk3
褎	jau6
疼	tang4
攙	chaam1/chaam4
淦	gam3
掣	jai3/chit3
磲	keui4
鐠	pou2
超	chiu1
部	bou6
耽	daam1
腆	tin2
嬃	seui1
穭	leui5
蓓	pui5
恥	chi2
牿	guk1
葵	kwai4
皓	hou6
鬎	laat6
褒	bou1
赈	jan3
嗣	ji6
澣	wun2/wun5
顏	ngaan4
綁	bong2
体	tai2
放	fong3
昊	hou6
绩	jik1
颜	ngaan4
闐	tin4
扣	kau3/kau3
聩	kui2
隧	seui6
閧	hung6
梿	lin4
亮	leung6
倭	wo1
樏	lai5
儤	bou3
夆	fung1
峭	chiu3
蹋	daap6
旰	gon3/hon6
股	gu2
鹤	hok6
伍	ng5
咢	ngok6
鲽	dip6
櫞	yun4
确	kok3/kok3
洫	gwik1
鳩	gau1/kau2
鍫	chiu4
蚩	chi1
髕	ban3
蒼	chong1
唸	nim6
符	fu4
碉	diu1
譸	jau1
踦	hei2/yi2
訥	nat6/neut6
母	mou5
襄	seung1
囌	sou1
揉	yau4
犯	faan6
臃	yung2
份	fan6
仆	puk1/fu6/buk6
蔀	bou6
对	deui3
猺	yiu4
鯗	seung2
恺	hoi2
佤	nga5
煆	dyun6
烛	juk1
漵	zeoi6
咔	ka1
婶	sam2
紑	fau4
殄	chan2/tin5
觇	jim1
骴	chi3
栌	lou4
鋂	mui4
澠	man5/sing4
結	git3
蹻	hiu1
篋	haap6
翼	yik6
长	cheung4/jeung2
樘	tong4
毡	jin1
趄	zeoi1
连	lin4
茖	gok3
麗	lai6
蚰	yau4
钬	fo2
稀	hei1
煉	lin6
疿	fai2/fei2
邊	bin1
辟	pik1/bik1/pik1
槌	cheui4
鄠	wu6
獷	gwong2
哉	joi1
芗	heung1
初	cho1
玷	dim3
樂	lok6/ngok6
唤	wun6/fun3
鄋	sau2
腽	wat1
撼	ham6
喘	chyun2
雉	ji5
龌	aak1
喤	wong4
芦	lou4
業	yip6
搡	song2
崮	gu3
道	dou6
荣	wing4
寨	jaai6/jai6
友	yau5
紬	chau1/chau4
兕	ji6
偶	ngau5
篁	wong4
虍	fu2
盍	hap6
勢	sai3
岗	gong1
鎉	taap3
猁	lei6
咷	tou4
珙	gung2
蹡	cheung1
瑲	cheung1
騶	jau1
偩	fu6
嚷	yeung5
钜	geui6
柒	chat1
旺	wong6
豇	gong1
胯	kwa3
柺	gwaai2
亙	gang2
驾	ga3
爆	baau3
空	hung1
说	syut3
赧	naan5
谎	fong1/fong2
瞋	chan1
若	yeuk6
鮚	git3
捅	tong2
蕢	gwai6
菻	lam1/lam4
頎	kei4
簇	chuk1
燁	yip6
掠	leuk6
颚	ngok6
汜	chi5
偕	gaai1
濊	wai3
舠	dou1
纔	choi4
駾	deui6
青	ching1/cheng1
疯	fung1
蘗	yit6
愉	yu4
嬿	yin3
鋦	guk1
湛	jaam3
逼	bik1
桜	ying1
蝡	yu4
鏽	sau3
颸	si1
碩	sek6
卺	gan2
朿	chi3
准	jeun2/jeun2
蹄	tai4
飥	tok3
委	wai2/wai1
妤	yu4
灄	sip3
菉	luk6
幙	mok6
尚	seung6
曀	ai3
緰	syu1
昴	maau5
酯	ji2
叱	chik1
渙	wun6
岌	kap1
塑	sou3
酸	syun1
穡	sik1
傎	din1
嫈	ying1
芰	gei6
婷	ting4
斓	laan4
瀘	lou4
此	chi2
旦	daan3
讜	dong2
断	tyun5/dyun6/dyun3
厮	si1
厭	yim3
啵	bo1
卅	sa1
溺	nik6/niu6
鏝	maan6
葉	yip6
玄	yun4
韫	wan3
瞒	mun4
浇	giu1/hiu1
脰	dau6
女	neui5
栩	heui2
馨	hing1
嚲	do2
簟	tim5
單	daan1
晌	heung2
掱	pa4
謁	yit3
妆	jong1
旭	yuk1
閏	yeun6
恔	haau6
搧	sin3
魍	mong5
騁	ching2
釋	sik1
湼	nip6
繻	seui1
嗥	hou4
独	duk6
萊	loi4
黨	dong2
饁	yip3
語	yu5
诸	jyu1
惆	chau4
踡	kyun4
狷	gyun3
淯	yuk6
橇	hiu1
露	lou6/lau6
鉬	muk6
绪	seui5
氝	noi6
砻	lung4
撲	pok3
頇	hon1
识	sik1
颈	geng2
寒	hon4
鹅	ngo4
搔	sou1
惲	wan6
淡	daam6/taam5
裌	gaap3
量	leung4/leung6
奢	che1/se1
嘛	ma4
中	jung1/jung3
羅	lo4
靡	mei5
影	ying2
丐	koi3
憑	pang4
辄	jip3
暴	bou6
淤	yu1/yu2
餾	lau6
灵	ling4
亹	mei5/mun4
竇	dau3
梳	so1
骛	mou6
摮	ngou4
痲	ma4
熨	tong3/wan6/wai3/wat1
餑	but6
貘	mak6
劂	kyut3
诠	chyun4
崃	loi4
八	baat3
餩	ak1
波	bo1
爸	ba1
悱	fei2
坳	aau1/aau3
運	wan6
塼	jyun1
搯	tou4
娘	neung4/neung4
朕	jam6
侮	mou5
壙	kwong3
崽	joi2
罟	gu2
醛	chyun4
痰	taam4
吭	haang1/hong4
桹	long4
脔	lyun5
謊	fong1/fong2
钇	yut6
偁	ching1
髽	ja1
狙	zeoi1
封	fung1
爊	ngou4
拽	jai6
见	gin3
葦	wai5
優	yau1
胫	ging3/hing5
麌	yu5
蜍	cheui4/chyu4
絻	man5
牂	jong1
酤	gu1
歿	mut6
楬	kit3
紝	yam6
秩	dit6
禰	nei4
窩	wo1
凡	faan4
挑	tiu1
悰	jung1
凰	wong4
讪	saan3
笋	seun2
醹	yu4
鱭	chai5
弒	si3
绐	doi6
虆	leui4
熔	yung4
榖	guk1
觐	gan2/gan6
翻	faan1
頌	jung6
颐	yi4
靮	dik1
刻	hak1/haak1
笱	gau2
撚	nan2/nin2
嫜	jeung1
猡	lo4
爬	pa4
湓	pun4
惋	yun2/wun2
槥	seui6
瀁	yeung6
购	gau3
鲩	waan5
猕	lei4/mei4
昉	fong2
馘	gwik1
礤	chaat3
責	jaak3
貅	yau1
藘	leui4
趯	tik1
嚬	pan4
襭	git3
瓴	ling4
鸑	ngok6
樓	lau4
嬷	ma1
呂	leui5
坊	fong1
盅	jung1
閽	fan1
姒	chi5
笰	fat1
鼷	hai4
讋	jip3
謇	gin2
憒	kui2
斥	chik1
颇	po2/po1
镘	maan6
腠	chau3
蓖	bei6
薇	mei4
薬	yeuk3
麵	min6
牛	ngau4
勝	sing3/sing1
鼾	hon4/hon6
隊	deui6
媿	kwai3
勋	fan1/fan1
河	ho4
殙	fan1
蜣	geung1
瘞	yi3
艱	gaan1
撝	fai1
刮	gwaat3/gwaat3
繒	jang1
核	hat6/wat6/hat6
屏	ping4
全	chyun4
驸	fu6
乘	sing4/sing6
累	leui4/leui6
噙	kam4
嗨	hoi1
保	bou2
庸	yung4
樟	jeung1
汔	ngat6
仍	ying4
壶	wu4
纷	fan1
舍	se2/se2/se3
蝴	wu4
碟	dip6
蛔	wui4
嚌	chai6/jai6
槱	yau5
齕	hat6
籛	jin1
蔞	lau4
漆	chat1
汋	jeuk3/seuk3
气	hei3
笑	siu3
或	waak6
祥	cheung4
砢	lo2
雇	gu3/gu3
猃	him2
獪	kui2
玑	gei1
棂	ling4/ling4
樗	syu1
艎	wong4
矙	ham3
肕	ngan6/yan6
傯	jung2
羭	yu4
鹿	luk6
蛐	kuk1
郳	ngai4
黷	duk6
嗔	chan1
骚	sou1
蔑	mit6
嗅	chau3
赶	gon2
顢	mun4
摜	gwaan3
冘	yam4
玉	yuk6
扔	wing4/ying4
拍	paak3
慼	chik1
鲍	baau6/baau1
玔	chyun3
埜	ye5
鈄	dau2
獲	wok6
究	gau3
龐	pong4
僦	jau6
央	yeung1
璿	syun4
瞼	gim2
迫	baak1
牙	nga4
綜	jung3
理	lei5
虛	heui1
蘸	jaam3
栗	leut6/leut6
佢	keui5
課	fo3
孽	yit6
哝	nung4
龀	chan3
阈	wik6
男	naam4
讙	fun1
市	si5
降	gong3/hong4
驱	keui1
繆	miu6/mau4/mau6
枥	lik1
衲	naap6
房	fong4/fong2
攪	gaau2
轂	guk1
鵓	but6
送	sung3
描	miu4
籚	lou4
侷	guk6
拣	gaan2
媮	tau1
骟	sin3
彙	wui6/wai6
緅	jau1
仲	jung6
迺	naai5
頸	geng2
覈	hat6
關	gwaan1
徐	cheui4
本	bun2
魅	mei6
蘑	mo4
镏	lau4/lau5
澶	sin4
篩	sai1
侔	mau4
噌	jang1
埃	oi1
揚	yeung4
誑	gwong2
畏	wai3
憲	hin3
薨	gwang1
椎	cheui4/zeoi1
鈤	yat6
跏	ga1
收	sau1
睨	ngai6
吟	yam4
舶	baak3/bok6
圻	kei4/ngan4
績	jik1
吗	ma3
咧	le2/le4
犍	gin1
狻	syun1
偟	wong4
冻	dung3
冲	chung1/chung1
滓	ji2
躺	tong2
堵	dou2
讶	nga6
酲	ching4
樕	sok3
篪	chi4
凋	diu1
鲈	lou4
帏	wai4
畋	tin4
尉	wai3/wat1
嗐	haai6
霝	ling4
靂	lik1/lik6
囒	laan1
试	si3
蟥	wong4
蜨	dip6
迩	yi5
枋	fong1
躐	lip6
鋃	long4
磔	jaak6
辕	yun4
憷	cho2
某	mau5
鎖	so2
阤	to4
穴	yut6
渭	wai6
检	gim2
妖	yiu1
錸	loi4
屢	leui5
焊	hon6/hon6
止	ji2
檜	kui2
律	leut6
颧	kyun4
馗	kwai4
蒯	gwaai2
坭	nai4
谴	hin2
坼	chaak3
迹	jik1
姥	lou5/mou5
叉	cha1
綈	tai4
砍	ham2
先	sin1
抨	ping1
礁	jiu1
状	jong6
镍	nip1
储	chyu5
臲	nit6/yit6
衡	hang4
茲	ji1
喾	guk1
甑	jang6
蝍	jik1
售	sau6
壔	dou2
淵	yun1
問	man6
苣	geui6
骤	jaau6/jau6
苷	gam1
癥	jing1
鷄	gai1
谱	pou2
羆	bei1
啐	cheui3
盃	bui1
鰆	cheun1
讲	gong2
恿	yung2
荥	ying4
申	san1
坍	taan1
滲	sam3
毛	mou4
蚊	man1
龋	geui2
涑	chuk1
纣	jau6
疋	pat1
发	faat3/faat3
縣	yun6/yun2
琐	so2
真	jan1
癃	lung4
鐳	leui4
鯀	gwan2
瑟	sat1
覜	tiu6
箫	siu1
鉏	cho4
咯	gaak3/lo1/lok3/gok3
荐	jin3
镈	bok3
咦	yi4
勵	lai6
寧	ning4
潍	wai4
準	jeun2
酢	chou3/ja3/jok6
没	mut6
剩	jing6/sing6
枲	saai2/sai2
烁	seuk3
淚	leui6
邑	yap1
肜	yung4
躊	chau4
滏	fu2
躋	jai1
篔	wan4
囟	seun3
祔	fu6
唁	yin6
愁	sau4
傜	yiu4
最	zeoi3
孫	syun1
紽	to4
港	gong2
檻	haam5/laam6
闶	kong3
勸	hyun3
難	naan6/naan4
坻	chi4/dai2
吊	diu3/diu3
造	jou6
将	jeung1/jeung3
膈	gaak3
輠	gwo2
添	tim1
仳	pei2
唆	so1
歇	hit3
媼	ou2/wan2
防	fong4
閆	yim4
琯	gun2
籴	dek3/dek6
胗	jan1
掩	yim2/am2
誒	aai2/ei6/oi1
艽	kau4
瑕	ha4
创	chong3
慈	chi4
劻	hong1
廓	kwok3/gwok3
涿	deuk3
笥	ji6
炅	gwai6/gwing2
慢	maan6
稗	baai6
雒	lok3
墳	fan4
鐶	waan4
悃	kwan2
腋	yik6/yat6/yit6
飓	geui6
奧	ou3
輕	hing1/heng1
鳍	kei4
慉	juk6
嗇	sik1
刹	saat3/chaat3
軹	ji2
罢	ba6
模	mou4
镉	gaak3
还	waan4
溃	kui2
臚	lou4
燾	dou6/tou4
蟛	paang4
镪	keung5
薔	cheung4
壞	waai6
駒	keui1
氷	bing1
懍	lam5
倒	dou2/dou3
傣	daai2
寸	chyun3
祖	jou2
蠰	yeung4
圄	yu5
纲	gong1
雝	yung1
掇	jyut3
挂	gwa3
查	cha4
亨	hang1
柬	gaan2
筘	kau3
經	ging1
時	si4
狴	bai6
土	tou2
国	gwok3
楯	teun5
靸	saap3
芮	yeui6
攸	yau4
脩	sau1
藇	zeoi6
嘎	ga1/ga4
菰	gu1
悖	bui6
天	tin1
信	seun3
因	yan1
缎	dyun6
玥	yut6
俩	leung5
瓣	faan6/faan2
鑾	lyun4
𢭃	dau6
恁	yam6
葹	si1
褸	leui5
睆	wun2
醯	hei1
闱	wai4
廎	king2
敪	jyut3
斨	cheung1
跛	bai1/bo2
汤	tong1
烦	faan4
苓	ling4
筥	geui2
膻	jin1
乳	yu5
黯	am2
候	hau6
俔	yin5
鲋	fu6
椏	nga4
渎	duk6
鋆	wan4
纹	man4
杞	gei2
睯	mau6
櫳	lung4
殇	seung1
珏	gok3
椽	chyun4
爛	laan6
鞶	pun4
詅	ling4
殺	saat3
鰈	dip6
慁	wan6
蒐	sau1
瓞	dit6
谦	him1
茕	king4
蕕	yau4
漘	seun4
峯	fung1
幼	yau3
掤	maang1/mang1/mang3
復	fuk6/fuk1/fau6
搣	mit1
菊	guk1
鯉	lei5
玟	man4
丳	chaan2
蚳	chi4
櫃	gwai6
佇	chyu5
协	hip6
癱	taan1
蝥	maau4
裱	biu2
繳	giu2
骸	haai4/hoi4
胔	ji3
朴	pok3/piu4/pok3
嫚	maan6
伸	san1
檔	dong2/dong3
晰	sik1
康	hong1
鄺	kwong3
濒	pan4/ban1
芚	tyun4
嫽	liu4
晋	jeun3
躓	ji3
鏐	lau4
酐	gon1
窸	sik1
閨	gwai1
跃	yeuk6/yeuk3/tik1
凊	jing6
鄰	leun4
佽	chi3
痼	gu3
琭	luk6
娲	wo1
毆	au2
琇	sau3
賴	laai6
诵	jung6
嫂	sou2
湊	chau3
脏	jong6/jong1
輿	yu4
馋	chaam4
备	bei6
誦	jung6
暨	kei3
鴟	chi1
些	se1
跅	tok3
塊	faai3
緲	miu5
瘖	yam1
異	yi6
鋒	fung1
洮	tou4
罥	gyun3
鹂	lei4
凈	jeng6/jing6
潰	kui2
无	mou4
秦	cheun4
鄾	yau1
怃	mou5
壆	bok3
搨	taap3
離	lei4
障	jeung3
峪	yu6/yuk6
爨	chyun3
炊	cheui1
帨	seui3
癯	keui4
鰩	yiu4
珓	gaau3
譽	yu6
厩	gau3
禾	wo4
够	gau3
忸	nau2/nuk6
鐏	jyun3
舔	tim2
柴	chaai4
癮	yan5
兌	deui3
築	juk1
箛	gu1
兀	ngat6
狹	haap6/gip6
绾	waan2
彥	yin6
浅	chin2
櫪	lik1
誾	ngan4
梧	ng4
摴	syu1
煦	yu3
钡	bui3
煇	fai1
接	jip3
钰	yuk6
僨	fan5
嚇	haak3
酃	ling4
熇	haau2
軀	keui1
萧	siu1
睢	seui1
拚	ping1/pun3
舰	laam6
歆	yam1
鹫	jau6
喙	fui3
祼	gun3
沣	fung1
秉	bing2
郸	daan1
滂	pong4
鬅	lang6/pang4
鳓	lak6
謚	si3
嫖	piu4
巢	chaau4
師	si1
燄	yim6
佔	jim3
丈	jeung6
骼	gaak3
戉	yut6
驤	seung1
慮	leui6
翡	fei2/fei6
鞋	haai4
嬌	giu1
墉	yung4
絓	gwa3
伏	fuk6/buk6
婁	lau4
頊	guk1/yuk1
颱	toi4
扮	baan6/baan3
锄	cho4
購	gau3
佴	noi6/yi6
克	hak1/hak1
戤	koi3
熙	hei1
蔚	wai3/wat3
儷	lai6
涵	haam4
腱	gin3
墝	haau1
竑	wang4
槨	gwok3
馡	fei1
豉	si6
篷	pung4
霏	fei1
绽	jaan6
弔	diu3
巇	hei1
姞	gat1
猩	sing1
妲	daat3
僻	pik1
廱	yung1
邪	che4
買	maai5
槎	cha4
鬢	ban3
葺	chap1
酊	ding1/ding2
掷	jaak6
废	fai3
鉋	paau4
咱	ja1
禨	gei1
黼	fu2
矣	yi5
虧	kwai1
鬯	cheung3
邸	dai2
锤	cheui4
洵	seun1
勇	yung6
寠	leui6
逅	hau6
襁	keung5
疠	lai6
矰	jang1
鐫	jyun1
喧	hyun1/hyun1
瀕	pan4/ban1
柙	haap6
龃	zeoi2
雪	syut3
痈	yung1
奚	hai4
限	haan6
浔	cham4
踘	guk6
靖	jing6
莪	ngo4
末	mut6
罝	je1/zeoi1
瓀	yun5
焠	cheui3/seui6
丼	jeng2/jing2
汙	wu1
格	gaak3
坨	to4
绵	min4
每	mui5
諟	si6
帷	wai4
邻	leun4
护	wu6
铆	maau5
橧	jang1
觉	gaau3/gok3
颖	wing6
玀	lo4
姁	heui1
憔	chiu4
邯	hon4
賝	sam1
菾	tim4
话	wa6/wa2
稜	ling4
蝈	gwok3
黟	yi1
鈔	chaau1
陕	sim2
屪	liu4
治	ji6
惰	do6
趾	ji2
瑱	jan3/tin3
葒	hung4
锛	ban1
访	fong2
褧	gwing2
唚	cham3
胪	lou4
嘔	au2
锐	yeui6
獫	him2
雞	gai1
抒	syu1
煮	jyu2
鹆	yuk6
馂	jeun3
督	duk1
嗖	sau1
皙	sik1
坝	ba3
毋	mou4
失	sat1
缶	fau2
瘠	jik3
崎	kei1
伊	yi1
诎	wat1
臀	tyun4
鮦	tung3
睖	ling6
画	waak6/wa2
幃	wai4
迮	jaak3
肿	jung2
栖	chai1/chai1
苦	fu2
怹	ta1
淩	ling4
嚐	seung4
罘	fau4
汛	seun3
栔	kai3
誌	ji3
秸	gaai1
孟	maang6
次	chi3
迻	yi4
洩	sit3
唑	jo6
堇	gan2
騰	tang4
毧	yung4
臢	jim1
蘞	lim4
迴	wui4
寇	kau3
旨	ji2
崆	hung1
鯖	ching1
栽	joi1
级	kap1
禧	hei1/hei2
悌	dai6
暠	gou2
吐	tou3
雏	cho1/cho4
胆	daam2
揖	yap1
槿	gan2
鞗	tiu4
憨	ham1
只	ji2/kei4/ji2/jek3/jek3
證	jing3
茅	maau4
罍	leui4
舵	to4/to5
坟	fan4
襶	de2
炁	hei3
餃	gaau2
讥	gei1
疾	jat6
培	pui4
圈	hyun1/gyun6
懵	mung2/mung5
鶚	ngok6
雯	man4
沁	sam3
圮	pei2
諼	hyun1
泳	wing6
疤	ba1
黕	daam2
改	goi2
韁	geung1
唱	cheung3
駽	gyun1
刧	gip3
篑	gwai6
鄭	jeng6/jing6
甏	paang6/paang1
鯆	bou1
要	yiu3/yiu1
擢	jaak6/jok6
類	leui6
橙	chaang2
翔	cheung4
椰	ye4
掫	jau1
釔	yut6
芋	wu6
竺	juk1
驕	giu1
漬	ji3
鯁	kang2/gang2
陟	jik1
茼	tung4
桃	tou4
瞰	ham3
饕	tou1
赤	chek3
坵	yau1
榔	long4
颉	git3/kit3
羔	gou1
哗	wa1/wa4
妺	mut6
窌	gaau3
綻	jaan6
洞	dung6
闫	yim4
鬚	sou1
荟	kui2/wai3/wui3
噏	ap1/ngap1
桲	but6
M3	em1/co3me3
覂	faan3
橡	jeung6
镶	seung1
妃	fei1
寀	choi2
筐	kwaang2
噭	giu3
锼	sau1
队	deui6
叫	giu3
綫	sin3
锹	chiu4/chiu1
熏	fan1/fan1
烔	tung4
蚋	yeui6
谚	yin6
掎	gei2
筑	juk1/juk1
麰	mau4
冢	chung2/chung2
咚	dung1
瑪	ma5
瓻	chi1
剎	saat3/chaat3
鱄	jyun1
儸	lo4
決	kyut3
悾	hung1
爿	baan2/cheung4
螉	yung1
觿	kwai5
郝	kok3
嬭	naai5
荍	kiu4
桷	gok3
杷	pa4
呆	ngoi4/daai1
穇	saam1
拖	to1
氓	man4/mong4
吩	fan1
泚	chi2
綺	yi2
介	gaai3
矬	cho4
蘿	lo4
陵	ling4
配	pui3
作	jok3
札	jaap3/jaat3
鶻	gwat1/wat6
癭	ying2
圩	heui1/wai4/yu4
镛	yung4
趫	kiu4
醡	ja3
釙	pok3
葍	fuk1
栒	seun1
曩	nong5
礜	yu5
微	mei4
櫬	chan3
湣	man5
軿	ping4
繽	ban1
廑	gan2
椓	deuk3
愠	wan3
鑵	gun3
埂	gang2
笫	dai6
店	dim3
煤	mui4
韜	tou1
楅	fuk1
博	bok3
甬	yung2
謖	suk1
鍚	yeung4
勰	hip6
浪	long6
磐	pun4
应	ying1/ying3
郲	loi4
金	gam1
喳	ja1/cha1/cha4
還	waan4
芧	zeoi6
黌	hung4
喈	gaai1
羧	so1
竣	jeun3
奕	yik6
祭	jai3
随	cheui4
铈	si5
域	wik6
套	tou3
羯	kit3
鄗	hou6
望	mong6
璣	gei1
煩	faan4
俶	chuk1/suk6
痞	pei2
匯	wui6
颗	fo2
黙	mak6
骠	piu3
虐	yeuk6
戰	jin3
亍	chuk1
攽	ban1
鵝	ngo4
癘	lai6
僵	geung1/geung1
秈	sin1
蛻	teui3/seui3
铋	bit1
蜡	laap6
树	syu6
癣	sin2
踣	baak6
臏	ban3
喟	wai2
直	jik6
伉	kong3
鵪	am1
皻	ja1
熾	chi3
廢	fai3
戟	gik1
軫	jan2
妩	mou5
厢	seung1
孕	yan6
裙	kwan4
漼	cheui2/cheui4
既	gei3
芭	ba1
工	gung1
半	bun3
粼	leun4
遒	chau4
草	chou2
絃	yin4
峙	si6
莆	pou4
社	se5
轖	sik1
蠮	yit6
睠	gyun3
躇	chyu4
煒	wai5
匡	hong1
铵	on1
鑭	laan4
佥	chim1
坂	baan2
澼	pik1
蠻	maan4
敦	deun1/deun1/deui6
痢	lei6
霙	ying1
拐	gwaai2
韃	taat3
為	wai6/wai4
牺	hei1
屌	diu2
货	fo3
硅	gwai1
鬐	kei4
滢	ying4
傚	haau6
帧	jing3
淶	loi4
擘	maak3
冕	min5
虀	jai1
曼	maan6
尃	fu1
賒	se1
顱	lou4
瞫	sam2
液	yik6
噤	gam3
唬	fu2
醢	hoi2
廒	ngou4
鍩	jok6
煖	hyun1/nyun5
俐	lei6
詭	gwai2
爻	ngaau4
骄	giu1
婭	a3
秋	chau1/chau1
档	dong2/dong3
诧	cha3
撙	jyun2
籣	laan4
儋	daam1
晚	maan5
宴	yin3
巫	mou4
鮐	toi4
贉	taam5
聳	sung2
駬	yi5
亏	kwai1
試	si3
濜	jeun6
姱	kwa1
汊	cha1/cha3
输	syu1
殁	mut6
袢	paan3
测	chak1
饅	maan4
渝	yu4
子	ji2
採	choi2
頠	ngai5
鞡	la1
豹	paau3
繩	sing4
鴰	kut3
夯	hang1
措	chou3
躏	leun6
鮒	fu6
菪	dong6
捶	cheui4
鰋	yin2
缯	jang1
晕	wan4
姿	ji1
牸	ji3
抟	tyun4
槼	kwai1
铟	yan1
鞣	yau4
餱	hau4
宥	yau6
粳	gang1
鍋	wo1
莩	fu1/piu5
兴	hing1/hing3
轵	ji2
貴	gwai3
戕	cheung4
繪	kui1
絹	gyun3
筜	dong1
燀	jin2
韭	gau2
碫	dyun3
啲	di1
悼	dou6
辋	mong5
槛	haam5/laam6
殪	yi3
渨	wui1
錁	gwo2
嗊	gung3
质	jat1/ji3
示	si6
懌	yik6
恪	kok3
評	ping4
犷	gwong2
繡	sau3
赒	jau1
貔	pei4
塡	tin4
宏	wang4
舷	yin4
粢	ji1
忙	mong4
难	naan6/naan4
梦	mung6
巘	yin5
铅	yun4
省	saang2/sing2
敧	gei1
漿	jeung1
梟	hiu1
卲	siu6
頹	teui4
鑄	jyu3
政	jing3
掺	chaam1/chaam4
綖	yin4
耕	gang1
縠	huk6
詩	si1
置	ji3
鮨	kei4
庐	lou4
諆	hei1
萸	yu4
棕	jung1
渚	jyu2
鄹	jau1
荒	fong1
碁	kei4
嗃	haau3
唉	aai1/oi1
摳	kau1
迍	jeun1
泙	ping4
黿	yun4
啱	ngaam1
业	yip6
鏌	mok6
們	mun4
牋	jin1
囪	chung1/cheung1
嬛	hyun1/king4
痊	chyun4
率	leut6/seut1
经	ging1
耗	hou3
損	syun2
誥	gou3
盯	ding1
稙	jik6
瓶	ping4
嶂	jeung3
瞿	geui3
砳	lak6
觏	gau3
荃	chyun4
髋	fun1
頄	wau4
壬	yam4
記	gei3
鉴	gaam3
巩	gung2
秧	yeung1
锷	ngok6
孢	baau1
敉	mei3
父	fu6
于	yu1/yu1
烚	saap6
力	lik6
膛	tong4
醫	yi1
蛊	gu2
榉	geui2
嶰	haai5
珣	seun1
鹏	paang4
鷲	jau6
袴	fu3
嶨	bok3
輅	lou6
妇	fu5
從	chung4
礵	seung1
修	sau1
缉	chap1
齋	jaai1/jai1
簸	bo2/bo3
傑	git6
诉	sou3
妝	jong1
蒉	gwai6
穑	sik1
剒	cok3
捐	gyun1
阑	laan4
軸	juk6
莲	lin4
乞	hat1
噀	seun3
商	seung1
吶	naap6/neut6
疒	nik6
較	gaau3
茬	chi4
董	dung2
鈧	kong3
匠	jeung6
炤	jiu3
鮆	chai5
斝	ga2
痣	ji3
鉉	yun5
塢	wu2
爓	yim6
幭	mik6
臧	jong1
唥	laang6
詡	heui2
垦	han2
衍	yin5
戏	hei3
枫	fung1
闋	kyut3
瀋	sam2
拥	yung2
蒸	jing1
肮	hong4
绨	tai4
軋	gaat3/jaat3
伾	pei1
招	jiu1
崇	sung4
鎦	lau4/lau5
處	chyu2/chyu3/syu3
臟	jong6
遠	yun5
媛	yun4/yun6
隤	teui4
旧	gau6
陛	bai6
叄	chaam1/sam1
汝	yu5
氛	fan1
骰	sik1/tau4
胄	jau6/jau6
楥	hyun3
嫩	nyun6
躞	sip3/sit3
蒋	jeung2
肼	jeng2
俅	kau4
卼	ngat6
媬	bou2
蕷	yu6
莖	hang4
罣	gwa3
辮	bin1
整	jing2
屜	tai3
茧	gaan2
彄	kau1
喑	yam1
潀	chung4
鶴	hok6
掃	sou3/sou2
擅	sin6
城	sing4
靠	kaau3
兼	gim1
潦	liu4/lou5
顥	hou6
殆	doi6/toi5
间	gaan1/gaan3
阡	chin1
猪	jyu1
挨	aai1/ngaai4
攆	lin5
涕	tai3
忌	gei6
翪	jung1
罵	ma6
鰜	gim1
诺	nok6
疝	saan3
浼	mui5
醐	wu4
泵	bam1
黍	syu2
袁	yun4
慇	yan1
竟	ging2
丛	chung4
缑	kau1
监	gaam1/gaam3
深	sam1
觡	gaak3
銚	diu6
濠	hou4
埌	long6/yeung5
絳	gong3
硼	paang4/pang4
璲	seui6
傖	chaang4/chong1
蜻	ching1
刨	paau4/paau4
蜊	lei4
嶧	yik6
鈀	ba1/pa4
糱	yit6
鈎	ngau1/gau1
糗	chau3/jau2
籩	bin1
囑	juk1
聯	lyun4
所	so2
婢	pei5
殒	wan5
嗬	ho2
箪	daan1
痭	bang1
裏	leui5
墾	han2
鄚	mok6
锌	san1
贿	kui2
鶺	jik3
瞧	chiu4
鄀	yeuk6
搒	bong1
懈	gaai3/haai5
淼	miu5
撓	naau4/naau5
匏	paau4
蒲	pou4
賓	ban1
腿	teui2
橥	jyu1
娵	jau1
遴	leun4
佺	chyun4
仇	sau4/chau4/kau4
榰	ji2
輥	gwan2
缪	miu6/mau4/mau6
棹	jaau6/jaau6
陝	sim2
痍	yi4
蜎	yun1
醾	mei4
狆	jung1
掘	gwat6
哞	mau1
匉	ping1
埤	pei4
攰	gui6
刳	fu1
牒	dip6
籀	jau6
精	jing1/jeng1
潚	siu1
旐	jiu6
把	ba2
称	ching1/ching3/chan3
茉	mut6
遗	wai4/wai6
睾	gou1
蠃	lo2
伤	seung1
黹	ji2
腯	dat1
猛	maang5
主	jyu2
惊	ging1/geng1
恒	hang4
岑	sam4
紙	ji2
桑	song1
癌	ngaam4
磊	leui5
馁	neui5/noi5
鲣	gin1
痯	gun2
恹	yim1
缄	gaam1
葱	chung1
立	laap6
处	chyu2/chyu3/syu3
剪	jin2
抗	kong3
蹿	chyun1
勿	mat6
鴞	hiu1
橘	gwat1
碼	ma5
澥	haai5
乎	fu4
驍	hiu1
院	yun2
骨	gwat1
濉	seui1
動	dung6
猾	waat6
磠	lou5
腴	yu4
縟	yuk6
觸	juk1/chuk1
斩	jaam2
阞	lak6
疇	chau4
炙	jek3/jik3
个	go3
俟	ji6/kei4
赘	zeoi3
账	jeung3
當	dong1/dong3
簾	lim4
与	yu5
船	syun4
犄	gei1
嘞	laak3/lak3
獵	lip6
桓	wun4
垢	gau3
黄	wong4/wong4
燧	seui6
蹉	cho1
偃	yin2
呎	chek3
廈	ha6
鑴	kwai4
蠁	heung2
疟	yeuk6
咸	haam4/haam4
嘩	wa1/wa4
腕	wun2
鸫	dung1
察	chaat3
闑	yip6
轩	hin1
槚	ga2
錄	luk6
簏	luk1
罚	fat6
杙	yik6
雖	seui1
誃	ji2
鍾	jung1
涣	wun6
鐵	tit3
對	deui3
夕	jik6
震	jan3
儗	hoi3/yi5
熄	sik1
柮	deut1
肈	siu6
通	tung1
嬲	nau1
綸	gwan1/leun4
估	gu2/gu3
骆	lok3
齑	jai1
箭	jin3
淞	sung1
刚	gong1
鲶	nim4
婺	mou6
阼	jou6
隸	dai6/lai6
涛	tou4
玕	gon1
橈	naau4/yiu4
剥	mok1
便	bin6/pin4
洲	jau1
孙	syun1
铣	sin2
郃	hap6
醋	chou3
萄	tou4
细	sai3
駃	kyut3
舴	jaak3
走	jau2
泛	faan3/faan6/faan3
簦	dang1
鲁	lou5
衔	haam4/haam4
曉	hiu2
景	ging2
擒	kam4
谙	am1
拘	keui1
蠋	juk1
醃	yim1
蠵	kwai4
瞓	fan33
泜	chi4
遯	deun6
櫻	ying1
珍	jan1
唢	so2
兩	leung5
泲	jai3/ji2
愕	ngok6
嘮	lou4
嗚	wu1
爭	jang1/jaang1
腻	nei6
伫	chyu5
冚	kam2/ham6
監	gaam1/gaam3
批	pai1
分	fan1/fan6
静	jing6
慫	sung2
陜	haap3/gip6/haap6
怖	bou3
稔	nam5
绀	gam3
穎	wing6
鬘	maan4
雕	diu1/diu1/diu1
摯	ji3
纨	yun4
逆	yik6
奶	naai5
芜	mou4
棒	paang5
馮	fung4/pang4
沍	wu6
葬	jong3
鑊	wok6
躒	lok3/lik1
翊	yik6
饩	hei3
择	jaak6
街	gaai1
搗	dou2
庚	gang1
鳲	si1
钊	chiu1
奁	lim4
犹	yau4
櫜	gou1
殿	din3/din6
抱	pou5/bou6
滞	jai6
墈	ham3
榈	leui4
氉	so3
淑	suk1
毷	mou6
蹩	pit3
之	ji1
羲	hei1
嚮	heung3
瞬	seun3
唠	lou4
輒	jip3
昭	chiu1
蚯	yau1
钫	fong1
像	jeung6
袽	yu4
擺	baai2
徇	seun1/seun1/seun6
余	yu4/yu4
諶	sam4
鼬	yau4
物	mat6
禿	tuk1
情	ching4
势	sai3
鞬	gin1
百	baak3
促	chuk1
玈	lou4
牏	yu4
莧	yin6
凉	leung4
殞	wan5
壌	yeung6
雩	yu4
皮	pei4
共	gung6
嗩	so2
耦	ngau5
惷	cheun2
鞅	yeung1
镆	mok6
猓	gwo2
啃	hang2
鏈	lin6
茈	chi2
糢	mou4
斕	laan4
昔	sik1
藺	leun6
毗	pei4
筧	gan2
氏	si6
兎	tou3
啽	am1/ngap1
檠	king4
虱	sat1
悟	ng6
铛	chang1/dong1
檨	se1
廉	lim4
剃	tai3/tai3
救	gau3
恌	tiu1
琖	jaan1/jaan2
黾	man5
遷	chin1
孔	hung2
婞	hang6
謆	sin3
汩	gwat1
蕡	fan5
稑	ling4
訕	saan3
攞	lo2
付	fu6
陋	lau6
进	jeun3
燙	tong3
垟	yeung4
苺	mui4
瑷	oi3
灿	chan3
劘	mo4
怪	gwaai3
葶	ting4
鶵	cho4
禋	yan1
尾	mei5
犴	hon4/ngon6
骷	fu1
誠	sing4
灑	sa2
蒻	yeuk6
莒	geui2
蛉	ling4
輦	lin5
璃	lei4
堳	mui4
胤	yan6
溟	ming4
鴦	yeung1
佉	keui1
驛	yik6
珥	nei6/yi6
隕	wan5
辣	laat6
測	chak1
笨	ban6
鱣	jin1
賁	ban1/bei3/fan5
魄	paak3/bok3/tok3
雹	bok6
鶬	chong1
晾	long3/long6
钽	daan3
瞥	pit3
预	yu6
棑	paai4
膂	leui5
倅	cheui3/jeut1
翎	ling4
況	fong3
暝	ming4/ming6
墀	chi4
玨	gok3
脂	ji1
裊	niu5
蔽	bai3
故	gu3
梵	faan6
茜	sin6
墁	maan6
宗	jung1
廁	chi3
舣	ngai5
峱	naau4
邢	ying4
唲	yi4
輤	sin3
憂	yau1
輪	leun4
貉	hok6
族	juk6
诤	jaang3/jang3
翅	chi3
捌	baat3
怩	nei4
鼹	yin2
剁	deuk3/do2
四	sei3
錦	gam2
多	do1
狺	ngan4
荞	kiu4
龊	chuk1
鍐	jung1
玺	saai2
屿	yu4/zeoi6
鄙	pei2
敷	fu1
祝	juk1
楣	mei4
踬	ji3
稻	dou6
刪	saan1
炕	kong3
用	yung6
孌	lyun5
瑚	wu4
笪	daat3
皫	piu2
榦	gon3
麛	nei4
鹵	lou5
槮	sam6
樁	jong1
歧	kei4
篰	bou6
瀍	chin4
鹁	but6
倣	fong2
搽	cha4
鼉	to4
卵	leun5
瘅	daan1/daan3/taan2
瘺	lau6
孜	ji1
聰	chung1
豐	fung1
琀	ham3
酆	fung1
媊	chin4
惓	kyun4
赢	yeng4/ying4
熊	hung4
照	jiu3
鴒	ling4
石	sek6
鳞	leun4
砮	nou5
蘤	fa1
孭	me1
噱	kek3
轲	o1
廠	chong2
憐	lin4
悬	yun4
軜	naap6
豶	fan4
懲	ching4
火	fo2
反	faan2
璇	syun4
頃	king2
訹	seut6
婼	cheuk3
邳	pei4
莰	haam2
笊	jaau3
腔	hong1
矇	mung4
逗	dau6
嫋	niu5
绫	ling4
簃	yi4
豻	hon6/ngon6
场	cheung4
滄	chong1
苫	sim1/sim3
淺	chin2
霑	jim1
翁	yung1
廩	lam5
蹟	jik1
鹩	liu4
恰	hap1
帆	faan4
珷	mou5
韺	ying1
慝	nik1/tik1
蛟	gaau1
鄴	yip6
膣	jat6
匦	gwai2
眸	mau4
快	faai3
昵	nik1
視	si6
謐	mat6
辰	san4
豁	kut3
鄞	ngan4
荁	wun4
諴	haam4
铁	tit3
布	bou3/bou3
亭	ting4
曬	saai3/saai3
隔	gaak3
焌	cheut1/jeun3
斲	deuk3
劖	chaam5
口	hau2
丞	sing4
绣	sau3
餅	beng2
註	jyu3
職	jik1
暇	ha6
潑	put3
罃	ang1
糧	leung4
存	chyun4
黪	chaam2
媲	pei3
圾	saap3
污	wu1
吠	fai6
锑	tai1
泪	leui6
鹘	gwat1/wat6
瘯	chuk1
豕	chi2
閻	yim4
蜒	yin4
門	mun4
褰	hin1
皭	jeuk3/jiu3
冶	ye5
艮	gan3
麴	guk1/kuk1
黉	hung4
庾	yu5
鄏	yuk6
葇	yau2
宝	bou2
傧	ban3
轉	jyun2/jyun3
洼	wa1/wa1
騏	kei4
鹌	am1
酩	ming5
迦	ga1
澨	sai6
涅	nip6
洺	ming4
蠕	yu4
汶	man6
譁	wa1
鵯	bei1
忮	gei6/ji3
跫	kung4
诒	yi4
蝝	yun4
桨	jeung2
炫	yun6
菩	pou4
阏	aat1/aat3/yin1
驶	sai2
疱	paau3
牯	gu2
齩	ngaau5
蒟	geui2/lau1
币	bai6
俯	fu2
財	choi4
橛	kyut3
畅	cheung3
琺	faat3
誡	gaai3
媵	ying6
得	dak1
緊	gan2
訝	nga6
玓	dik1
韞	wan3
鸨	bou2
士	si6
郫	pei4
耆	kei4
锇	ngo4
肙	yun1
贷	taai3
蠓	mung5
閟	bei3
李	lei5
氨	on1
嵬	ngai4
小	siu2
査	cha4
畲	se1/yu4
哒	daat6
鶊	gang1
豊	lai5
姑	gu1
甽	jan3
佧	ka2/ka2
憮	mou5
芒	mong4
婬	yam4
僬	jiu1
減	gaam2
蔾	lai4
傲	ngou6
漭	mong5
罭	wik6
歸	gwai1
龘	daap6
闸	jaap6
洧	fui2
潼	tung4
支	ji1
跱	ji6
荼	tou4
蜋	long4
锸	chaap3
帡	ping4
鎳	nip1
啟	kai2
络	lok3
执	jap1
駘	toi4
枉	wong2
韍	fat1
艨	mung4
贈	jang6
邗	hon4
跙	zeoi2
戡	ham1
軺	yiu4
園	yun4
鑞	lap6
拶	jaat3
属	suk6
事	si6
瘾	yan5
鯊	sa1
前	chin4
統	tung2
碭	dong6
衊	mit6
贱	jin6
逐	juk6
筠	gwan1/wan4
嵊	sing6
迣	sai3
牁	go1/o1
稞	fo1
根	gan1
疮	chong1
吖	a4
癤	jit3
償	seung4/cheung4
剝	mok1
鉺	yi5
闪	sim2
紓	syu1
遢	taap3
手	sau2
轕	got3
获	wok6/wok6
翬	fai1
顷	king2
趨	cheui1
灌	gun3
螺	lo4
禁	gam3/gam1
頒	baan1
穢	wai3
搘	ji1
縳	jyun3
凝	ying4/king4
咽	yin1/yit3
謠	yiu4
欽	yam1
控	hung3
垓	goi1
潆	ying4
谂	nam2
駴	haai5
囵	leun4
谷	guk1/guk1
垂	seui4
鵷	yun1
別	bit6
穧	jai3
潞	lou6
綠	luk6
蛤	gap3/ha4
腧	syu6
阙	kyut3
诀	kyut3
咈	fat1
涘	ji6
鷳	haan4
辨	bin6
醚	mai4
牟	mau4
寫	se2
翿	tou4
熳	maan4
維	wai4
争	jang1/jaang1
劫	gip3
帐	jeung3
役	yik6
蓇	gwat1
偯	yi2
芹	kan4
濺	jin1/jin3
懦	no6
眷	gyun3
锰	maang5
慌	fong1
鈦	taai3
死	sei2
缕	leui5
殲	chim1
䌽	choi2
萁	kei4
剿	chaau1/jiu2
蹲	deun1/chyun4
诶	aai2/ei6/oi1
龈	han2/ngan4
怕	pa3
蔣	jeung2
驪	lei4
熸	jim1
嬈	yiu4
晶	jing1
挎	kwa3
拭	sik1
錾	jaam6
缸	gong1
缝	fung4/fung6
浃	jip3
厚	hau5
髁	fo1
鼓	gu2
催	cheui1
江	gong1
狘	yut6
繃	bang1/maang1
嘀	dik6
椹	jam1
椟	duk6
尬	gaai3
俨	yim5
谢	je6
歷	lik6
濘	ning6
沽	gu1
茵	yan1
己	gei2
芊	chin1
籤	chim1
松	chung4/sung1
廃	fai3
蛋	daan2
諝	seui1
睪	yik6
貲	ji1
賦	fu3
伙	fo2
憤	fan5
傔	him3
踪	jung1
翕	yap1
碘	din2
狸	lei4
璠	faan4
牡	maau5
癇	haan4
麦	mak6
環	waan4
邵	siu6
耄	mou6
哪	na5/na4/na1
頍	kwai1
割	got3
谗	chaam4
鏢	biu1
鳦	yut3
諧	haai4
抖	dau2
阨	ak1/ngak1
肆	si3/sei3
鍊	lin6/lin2
痌	tung1
鮿	jip3
沙	sa1
赆	jeun2
礱	lung4
霉	mui4
鍱	dip6
蘅	hang4
盈	ying4
芈	me1/me5
磬	hing3
蜗	wo1/wa1
蛱	gaap3
愦	kui2
鼚	cheung1
茞	choi2
綬	sau6
鑠	seuk3
痱	fai2/fei2
铰	gaau2
禔	tai4
挓	ja1
牮	jin3
蜿	yun1
叹	taan3/taan3
费	fai3
規	kwai1
膳	sin6
未	mei6
僩	haan5
澐	wan4
请	cheng2/ching2
哈	ha1/ha5
诼	deuk6
绝	jyut6
授	sau6
簹	dong1
愮	yiu4
塹	chim3
沬	mut3
腺	sin3
鰽	chou4
浆	jeung1
榛	jeun1
赙	fu6
虬	kau4
渗	sam3
们	mun4
喒	ja1
疬	lek6
圬	wu1
鹉	mou5
谨	gan2
甥	saang1/sang1
櫱	yit6
乾	gon1/kin4
擭	fa6
鄉	heung1
骑	ke4/kei4
伪	ngai6
耳	yi5
趑	ji1
揜	yim2
悴	seui5/seui6
柰	noi6
羥	keung5
珞	lok3
辈	bui3
鳴	ming4
牽	hin1
僝	chaan4/saan4
杠	gong1/gong3
做	jou6
喚	wun6/fun3
镜	geng3
鳝	sin5
瑄	syun1
诂	gu2
瑜	yu4
闥	taat3
疏	so1
麸	fu1
医	yi1
撣	daan6/sin6
癙	syu2
囡	naam4
碓	deui3
簰	paai4
襡	duk6
詼	fui1
遼	liu4
念	nim6
擾	yiu2
籹	yu5
辚	leun4
株	jyu1
蟊	maau4
詠	wing6
鳄	ngok6
篌	hau4
襆	buk6
匟	kong3
典	din2
圊	ching1
盗	dou6
條	tiu4
謅	jau1
僞	ngai6
仪	yi4
虼	gat1
無	mou4
喻	yu6
榎	ga2
兹	ji1
品	ban2
篚	fei2
蝮	fuk1
潷	bat1/bei3
洒	sa2/sa2/sai2/sin2
捉	juk1/juk3
和	wo4/wo6
揦	naa2
塌	taap3
灞	ba3
扎	jaat3/jaat3
阽	dim3
屧	sit3
熗	cheung3
沪	wu6
楛	fu2/wu6
胜	sing3/sing1
謙	him1
豵	jung1
彩	choi2
闵	man5
巽	seun3
吴	ng4
訌	hung4
堎	ling4
敻	hing3
痡	fu1
碚	pui5
鑱	chaam4
塍	sing4
铸	jyu3
辞	chi4
棧	jaan6
瓖	seung1
銅	tung4
驃	piu3
顛	din1
诛	jyu1
罿	chung1
诩	heui2
畈	faan3
檸	ning4
捫	mun4
饺	gaau2
藶	lik6
岷	man4
翾	hyun1
絨	yung4
姤	gau3
飣	ding3
灣	waan1
梢	saau1
嗒	dap1/dep1
启	kai2
懃	kan4
譙	chiu4
挽	wan5
幘	jik1
帽	mou6
鰲	ngou4
甾	ji1/joi1
氈	jin1
咠	chap1
圂	wan6
警	ging2
臥	ngo6
懼	geui6
鯨	king4
川	chyun1
跋	bat6
踞	geui3
椸	yi4
焜	gwan1
鰷	tiu4
卖	maai6
腩	naam4
傾	king1
遁	deun6
渠	keui4
鏾	sin3
贼	chaak6
澀	sap1/sap3
曇	taam4
庉	tyun4
磟	luk1
悸	gwai6
苇	wai5
黜	jeut1
骖	chaam1
狳	yu4
蔔	baak6
柔	yau4
靄	oi2
宇	yu5
绑	bong2
方	fong1
穀	guk1
利	lei6
攥	jaan6
鼎	ding2
软	yun5
桢	jing1
賵	fung3
璪	jou2
饎	chi4
堮	ngok6
窀	jeun1
俱	keui1
畬	se1/yu4
鳶	yun1
嶇	keui1
捼	no4
框	kwaang1/hong1
爰	wun4/yun4
莹	ying4
營	ying4
鋌	ting5
求	kau4
憫	man5
擞	sau2
牢	lou4
骾	gang2
態	taai3
峥	jang1
绔	fu3
鶂	yik6
毽	gin3/yin2
弱	yeuk6
熱	yit6
戒	gaai3
禍	wo6
趡	cheui2
引	yan5
跡	jik1
憀	liu4
佻	tiu1/tiu4
舆	yu4
益	yik1
驗	yim6
荦	lok3
赫	haak1
瑙	nou5
浩	hou5
戌	seut1
躕	chyu4
烂	laan6
舫	fong2
銶	kau4
鷫	suk1
潤	yeun6
揣	cheui2/chyun2
忡	chung1
纇	leui6
疵	chi1/chi4
挺	ting5/ting2
吡	bei1
懔	lam5
邠	ban1
皽	jin2
射	se6
鴿	gap3
饋	gwai6
鳗	maan4
屘	mei1
携	kwai4
票	piu3
昧	mui6
合	hap6
祉	ji2
騃	ngoi4
韣	duk6
啻	chi3
楀	geui2
铡	jaat3
孤	gu1
浹	jip3
锥	zeoi1
衕	tung4
抬	toi4
衆	jung3
胳	gaak3
汗	hon6/hon4/hong6
贲	ban1/bei3/fan5
匹	pat1
朧	lung4
蛑	mai4
倡	cheung1
甚	sam6
缇	tai4
儇	hyun1
邙	mong4
曜	yiu6
咋	ja1/ja3/jaak3
怅	cheung3
蝘	yin2
蓆	jek6
衣	yi1
錮	gu3
喜	hei2
祇	ji2/kei4
洑	fuk6
論	leun6
賽	choi3
挤	jai1
表	biu2/biu1
書	syu1
区	keui1/au1
礴	bok3/bok3
薹	toi4
贵	gwai3
阐	chin2/jin2
恂	seun1
跷	kiu2/hiu1
翟	dik6/jaak6
違	wai4
谤	pong3
蟆	ma4
坩	ham1
噪	chou3
诅	jo3
递	dai6
笼	lung4/lung5
讕	laan4
傻	so4
庵	am1
墠	sin6
雰	fan1
鴣	gu1
瓤	nong4
蛴	chai4
潸	saan1
鰾	piu5
绢	gyun3
涧	gaan3
忿	fan5
鱈	syut3
貍	lei4
穈	mun4
荠	chai5
找	jaau2
谑	yeuk6
罡	gong1
澹	daam6/taam4
賞	seung2
憧	chung1/tung4
仙	sin1
陔	goi1
員	yun4
焚	fan4
妣	bei2
慟	dung6
篨	cheui4
蟠	faan4/pun4
銨	on1
琿	wan4
菖	cheung1
赳	gau2
伐	fat6
繈	keung5
誓	sai6
薆	oi3
練	lin6
郁	yuk1/wat1
冯	fung4/pang4
韋	wai4
偉	wai5
靼	daat3
鄍	ming4
跌	dit3
龕	ham1
欷	hei1
喎	wo3/wo4/wo5/wo6/wo1
谿	kai4
岖	keui1
蔗	je3
囧	gwing2
赚	jaan6
髅	lau4
楸	chau1
祓	fat1
括	kut3
瞎	hat6
唿	fat1
詈	lei6
郓	wan6
湄	mei4
処	chyu2
額	ngaak6
遽	geui6
嘥	saai1
鏨	jaam6
荇	hang6
纾	syu1
娛	yu4
蔕	dai6
箠	cheui4
邁	maai6
巴	ba1
邿	si1
幅	fuk1
披	pei1
钞	chaau1
灨	gam3
戴	daai3
鷁	yik6
郡	gwan6
隰	jaap6
纸	ji2
簠	fu2
觶	ji3
辂	lou6
徹	chit3
丟	diu1/diu6
祧	tiu1
胾	ji3
緙	kaak1
佸	kut3
摊	taan1
庞	pong4
蓼	liu5/luk6
互	wu6
榆	yu4
钩	gau1/ngau1
蔭	yam3
欑	chyun4/jaan2
鷇	kau3
息	sik1
娉	ping1
繯	waan4/waan6
杰	git6/git6
誂	diu6
穰	yeung4
鞭	bin1
齲	geui2
诚	sing4
慑	jip3/sip3
茗	ming5
翘	kiu4
弋	yik6
栏	laan4
叛	bun6
敃	man5
鍛	dyun3
哔	bat1
騍	fo3
躡	nip6
吏	lei6
搵	wan2/wan3
薩	saat3
砀	dong6
齦	han2/ngan4
荤	fan1
绷	bang1/maang1
謝	je6
山	saan1
慾	yuk6
赦	se3
梨	lei4
蕾	leui5
賡	gang1
让	yeung6
簣	gwai6
圉	yu5
躄	pik1
希	hei1
响	heung2
垣	wun4
畟	jik1
鉢	but3
莱	loi4
湍	teun1
焰	yim6/yim6
撫	fu2
尰	jung1
囔	nong4
筈	kut3
糙	chou3
黝	yau2
较	gaau3
磻	pun4
侩	kui2
蓺	ngai6
竦	sung2
踶	tai4
鋯	gou3
袖	jau6
靷	yan5
歊	hiu1
櫝	duk6
頯	kwai4
訒	yan6
薸	piu4
谈	taam4
襦	yu4
矯	giu2
渐	jim6
扱	kap1
览	laam5
闚	kwai1
洿	wu1
万	maan6
櫛	jit1
缂	kaak1
冬	dung1
箐	jing1
擇	jaak6
瑤	yiu4
備	bei6
嚥	yin1/yin3/yit3
閔	man5
汲	kap1
艭	seung1
迨	doi6
挣	jaang6/jang1
倉	chong1
谜	mai4/mai6
腹	fuk1
癉	daan1/daan3/taan2
瓷	chi4
叡	yeui6
粵	yut6
灸	gau3
啪	paak1
廧	cheung4
鮠	ngai4
鶱	hin1
癐	gui6
潴	jyu1
坫	dim3
坡	bo1
謂	wai6
藹	oi2
範	faan6
唎	lei1
塏	hoi2
颟	mun4
蠑	wing4
箾	siu6
顶	ding2/deng2
靜	jing6
饪	yam6
嵒	ngaam4
堍	tou3
搊	chau1
焘	dou6/tou4
撇	pit3
瑯	long4
曙	chyu5/syu5
喂	wai3/wai3
豆	dau6/dau6/dau2
喼	gip1
令	ling6
蹤	jung1
甒	mou5
哟	yo1
垮	kwa1
头	tau4
临	lam4
毬	kau4
嚵	chaam4
湾	waan1
阌	man4
垒	leui5
岿	kwai1
囱	chung1/cheung1
埭	dai6/doi6
蚕	chaam4
皚	ngoi4/yi4
櫂	jaau6
贫	pan4
莉	lei6
俪	lai6
落	lok6
輳	chau3
堲	jik1
铂	bok6
莦	saau1
闰	yeun6
綵	choi2
銍	jat6
縵	maan6
檇	zeoi3
茳	gong1
譅	sap1
疴	o1
銛	chim1
躥	chyun1
眕	chan2
讵	geui6
芯	sam1
墨	mak6
缮	sin6
谶	cham3
持	chi4
盭	leui6
爟	gun3
逝	sai6
爷	ye4
肩	gin1
蝉	sim4/sin4
藏	chong4/jong6
号	hou6
嘿	hei1
菑	ji1
覘	jim1
囂	hiu1
炜	wai5
畇	wan4
泾	ging1
烏	wu1
惻	chak1
凹	nap1/aau3/wa1
繰	chiu1/sou1/tiu1
滬	wu6
艜	taai5
孥	nou4
拟	yi5
硬	ngaang6
孳	ji1
壇	taan4
徒	tou4
否	fau2
瓿	pau2
鋸	geui3
镯	juk6
掼	gwaan3
片	pin3/pin2
鋏	gaap3
舉	geui2
铧	wa4
濇	sap1
拧	ning4/ning6
穹	kung4
矿	kwong3/gwong3
嚙	ngat6/yit6
靦	tin2
妙	miu6
琮	chung4
点	dim2
瑩	ying4
痾	o1
病	beng6
鼏	mik6
摁	on3
楊	yeung4
磕	hap6
亂	lyun6
倌	gun1
驫	biu1
涯	ngaai4
瘥	chaai3/cho4
巧	haau2
爾	yi5
崿	ngok6
韧	yan6
亢	gong1/kong3
係	hai6
蚨	fu4
宮	gung1
梆	bong1
贍	sim6
瘪	bit6
痂	ga1
础	cho2
吮	syun5
瘿	ying2
虞	yu4
炀	yeung4
仗	jeung3/jeung6
長	cheung4/jeung2
纈	kit3/lit3
桕	kau5
虫	chung4/wai2/chung4
絞	gaau2
阖	gap3/hap6/hap6
装	jong1
鲫	jik1
谀	yu4
烺	long5
迭	dit6
锚	maau4/naau4
囯	gwok3
幡	faan1
餲	aai3
迁	chin1
顓	jyun1
澎	paang1/paang4
昼	jau3
噩	ngok6
萎	wai1/wai2
譈	teui6
裨	bei1/pei4
殽	ngaau4
滤	leui6
蘁	ngok6
灏	hou6
缤	ban1
减	gaam2
欬	kat1
裟	sa1
鑼	lo4
锦	gam2
迎	ying4
酕	mou4
淨	jing6/jeng6
呗	baai6
顫	jin3
孓	kyut3
訏	heui1
拋	paau1
縉	jeun3
提	tai4
羌	geung1
袒	taan2
訴	sou3
齬	yu5
礙	ngoi6
帶	daai3/daai2
怵	jeut1
瓒	jaan3
颌	gap3
桯	ting1
馴	seun4/cheun4
噢	o1/yu2/yuk1
议	yi6/yi5
弑	si3
潔	git3
舒	syu1
澒	hung3
睥	pai5
盩	jau1
繙	faan1
勳	fan1
兽	sau3
怛	daat3
萤	ying4
颞	nip6
碗	wun2
簆	kau4
栱	gung2
報	bou3
懾	jip3/sip3
搴	hin1
葖	dat6
饑	gei1
椁	gwok3
魇	yim2
誶	seui6
衰	seui1/cheui1
鲢	lin4
胧	lung4/lung4
奀	ngan1
釃	si1
稅	seui3
荧	ying4
納	naap6
蓝	laam4
迅	seun3
焖	mun6
撄	ying1
賙	jau1
錙	ji1
阒	gwik1
曨	lung4
畫	waak6/wa2
坠	jui6
毯	taam2
韔	cheung3
拏	na4
耀	yiu6
嶒	chang4
郹	gwik1
堧	yun4
抑	yik1
歹	daai2
贻	yi4
轗	ham2
揅	ngaan4/yin4
辙	chit3
趒	tiu3
呺	hiu1/hou4
氘	dou1
隄	tai4
睚	ngaai4
詵	san1
燬	wai2
我	ngo5
种	jung2/jung3
覲	gan2/gan6
遲	chi4
砌	chai3
颂	jung6
臘	laap6
臙	yin1
夔	kwai4
捽	jeut1
阚	haam2/ham3
籥	yeuk6
稳	wan2
籯	ying4
巿	si5
甪	luk6
锭	ding3
伢	nga4
彻	chit3
讷	nat6/neut6
旹	si4
谄	chim2
鱺	lei4
幬	chau4/dou6/tou4
璽	saai2
盘	pun4
侦	jing1
讴	au1
沿	yun4
霍	fok3
席	jik6/jek6
焄	fan1
團	tyun4
窖	gaau3
筷	faai3
梗	gang2
証	jing3
軷	but6
鵠	guk1/huk1
纊	kwong3
咑	dak1
栈	jaan6
丁	ding1
盞	jaan2
傭	yung4
裴	pui4
訪	fong2
你	nei5
伺	ji6
斒	baan1
萦	ying4
菹	zeoi1
殤	seung1
飫	yu3
藪	sau2
尘	chan4
诌	jau1
嬴	ying4
鰨	taap3/taat3
碣	kit3
閱	yut6
很	han2
追	zeoi1
鱒	chyun5/jyun1
犬	hyun2
离	lei4
捃	kwan2
意	yi3
宾	ban1
倶	geui1
敝	bai6
恕	syu3
邕	yung1
剜	wun1
苑	yun2
資	ji1
膀	pong4/bong2
蝓	yu4
啡	fe1/fei1
燕	yin3/yin1
埸	yik6
耎	yun5
罂	aang1
痘	dau6
虿	chaai3
巍	ngai4
昇	sing1
嵘	wing4
丏	min5
傀	faai3
臿	chaap3
甋	dik1
稛	kwan2
枪	cheung1
探	taam3
薯	syu4/syu5
皜	hou6
际	jai3
崌	geui1
椷	gaam1
鐺	chang1/dong1
𦧲	loe1
开	hoi1
芍	jeuk3
尢	wong1
癞	laai3
赏	seung2
笏	fat1
巾	gan1
觋	hat6
紵	chyu5
瘀	yu2
趌	gat6
叙	zeoi6
缒	zeoi6
聿	leut6/wat6
屐	kek6
囝	jai2/joi2
瞀	mau6
挖	waat3
鼯	ng4
膚	fu1
缭	liu4
嫡	dik1
鷹	ying1
榇	chan3
訛	ngo4
衄	nuk6
栲	haau2
绸	chau4
艫	lou4
瘰	lo2
隳	fai1
醞	wan3
殢	taai3
穟	seui6
裾	geui1
看	hon3/hon1
庭	ting4
孿	lyun4
璫	dong1
鸚	ying1
恣	chi3/ji3
颁	baan1
哽	gang2/ang2
踐	chin5
羵	fan4
舲	ling4
瓘	gun3
鴇	bou2
蓑	so1
犆	dak6
虹	hung4
褦	le5/naai6/nang2/nang3
焗	guk6
醄	tou4
膩	nei6
謄	tang4
噲	faai3
强	keung4/keung5
睜	jaang1/jang1
豈	hei2
鎡	ji1
開	hoi1
罗	lo1/lo3/lo4/lo4
翽	wai3
拈	nim1
鐙	dang3
粑	ba1
篳	bat1
蓬	pung4/fung4
学	hok6
鬓	ban3
蝇	ying4
巉	chaam4
畹	yun2
隷	lai6/dai6
憚	daan6
乃	naai5
荩	jeun2
諤	ngok6
荳	dau6
坚	gin1
菟	tou3
偢	chau1
握	ak1
蕤	yeui4
趵	paau3
駸	cham1
蹈	dou6
谲	kyut3
摠	jung2
咄	deut1
钵	but3/but3
佳	gaai1
阔	fut3
鯤	gwan1
旒	lau4
臠	lyun5
纚	saai2
舖	pou3
睹	dou2
慍	wan3
偻	lau4
蘇	sou1
堄	ngai6
鲟	cham4
織	jik1
棣	dai6
钛	taai3
楩	pin4
蟋	sik1
纏	chin4/jin6
闇	am3
喵	miu1
騂	sing1
撷	git3/kit3
鐿	yi3
烫	tong3
忾	koi3
蹦	baang6
轟	gwang1
嫄	yun4
款	fun2
违	wai4
釤	saam1
叟	sau2
錢	chin2/chin4
评	ping4
拱	gung2
沤	au1/au3
膗	saai4
怏	yeung2/yeung3
凫	fu4
壹	yat1/yik1
郿	mei4
浬	lei5
丢	diu1/diu6
鎂	mei5
逛	kwaang3/gwaang6
頤	yi4
櫓	lou5
剮	wa2
瞇	mei1/mai5
折	jit3
藥	yeuk6
巋	kwai1
惨	chaam2
搪	tong4
纺	fong2
钟	jung1
漶	waan6
酅	kwai4
獺	chaat3
幽	yau1
醪	lou4
绲	gwan2
秀	sau3
這	je5
逑	kau4
瀔	guk1
风	fung1
穮	biu1
锽	wong4
衝	chung1
箜	hung1
贊	jaan3
咼	gwa3
虾	ha1
怍	jok6
譜	pou2
参	chaam1
紈	yun4
蠲	gyun1
骒	fo3
紧	gan2
唐	tong4
磧	jaak3/jik1
宵	siu1
偈	gai2/gai6/git6
躠	sit3
堤	tai4/tai4
闺	gwai1
諺	yin6
鰭	kei4
锱	ji1
駢	pin4
飲	yam2
蹢	dik1/jaak6
鎪	sau1
鸲	keui4
龙	lung4
粗	chou1
鼢	fan5
鱔	sin5
晨	san4
铽	tik1
觜	zeoi2/ji1
梔	ji1
蹊	hai4
蛇	se4
蛾	ngo4
殊	syu4
銓	chyun4
葎	leut6
簪	jaam1
烨	yip6
貰	sai3
甯	ning4
鈮	nei4
郔	yin4
譫	jim1
沟	gau1
炷	jyu3
軒	hin1
烬	jeun6
檁	lam5
滹	fu1
赬	ching1
沖	chung1
衞	wai6
烊	yeung4
夙	suk1
虢	gwik1
拄	jyu2
酗	yu3
潘	pun1
堠	hau6
疳	gam1
鷃	aan3
谧	mat6
鴽	yu4
煍	chau1
愜	hip3
轻	hing1/heng1
氇	lou5
巅	din1
泯	man5
嚣	hiu1
嬖	pei3
庑	mou4/mou5
椿	cheun1
灶	jou3
婆	po4
狞	ning4
轿	giu2/giu6
扒	pa4
萵	wo1
聆	ling4
樊	faan4
麋	mei4
疕	bei2
敌	dik6
袆	fai1
伽	ga1/ke4
縊	ai3
蟾	sim4
鰥	gwaan1
駿	jeun3
缴	giu2
蜓	ting4
谠	dong2
卍	maan6
點	dim2
豝	ba1
戶	wu6
蔌	chuk1
莔	maang4
娶	cheui2
瑑	syun6
趕	gon2
杝	chi2
排	paai4
蚍	pei4
伋	kap1
鬷	jung1
眉	mei4
礬	faan4
璐	lou6
餮	tit3
鱖	gwai3
欐	lai6
雘	wok3
哩	lei5/le1/lei1/li1
茂	mau6
岭	leng5/ling5
萏	daam6
猬	wai6
黃	wong4/wong4
駪	san1
錞	seun4
膜	mok6
哇	wa1
夗	yun2
哏	gan1
轄	hat6
砾	lik1
僎	syun2
播	bo3
打	da2/da1
併	bing3
缔	dai3
沈	cham4/sam2
崧	sung1
佛	fat6/fat1
焉	yin1/yin4
现	yin6
髫	tiu4
澄	ching4/dang6
肯	hang2
霈	pui3
箘	kwan1
肵	kei4
摑	gwaak3/gwok3
慳	haan1
畢	bat1
賜	chi3
胱	gwong1
渮	go1
頰	gaap3
淅	sik1
豫	yu6
鹼	gaan2
陪	pui4
扪	mun4
硖	gip3/haap6
澌	si1
电	din6
襪	mat6
摩	mo1
鹈	tai4
鄖	wan4
胶	gaau1
碴	cha4
顙	song2
猫	maau1
驳	bok3
鈕	nau2
袍	pou4
斜	che4/che3
鬥	dau3
拊	fu2
豳	ban1
耰	yau1
寎	bing3
虡	geui6
褲	fu3
籙	luk6
轸	jan2
在	joi6
鸾	lyun4
涓	gyun1
缵	jyun2
徠	loi4
氧	yeung5
鮪	fui2
勾	ngau1
餕	jeun3
麟	leun4
憩	hei3
纳	naap6
妳	nei5
钤	kim4
切	chit3/chai3
鯈	yau4
巟	fong1
傅	fu6
獧	gyun6
婴	ying1
淊	yim1
坑	haang1
堉	yuk6
依	yi1
肴	ngaau4/ngaau4
傷	seung1
孬	naau1
忒	tik1
階	gaai1
训	fan3
岫	jau6
惚	fat1
弼	bat6
啞	a2
蔫	yin1
烃	ting1
舌	sit6
驷	si3
蔡	choi3
紘	wang4
甃	jau3
瓩	chin1/nga5
嬋	sim4/sin4
弩	nou5
淥	luk6
鞝	jeung2
絝	fu3
鶯	ang1
藎	jeun2
瑣	so2
骡	lo4
紗	sa1
嚀	ning4
盻	hai6
砗	che1
裤	fu3
瘈	jai3
隋	cheui4
錒	a1
住	jyu6
檄	hat6
糯	no6
鹹	haam4
原	yun4
何	ho4
觚	gu1
髐	haau1
鉆	chyun3/kim4
侈	chi2
塓	mik6
斤	gan1
筏	fat6
爱	oi3/ngoi3
迂	yu1/heui1
筵	yin4
睞	loi6
谭	taam4
藿	fok3
瓊	king4
辊	gwan2
錛	ban1
鳇	wong4
锊	lyut3
枭	hiu1
橤	yeui5
產	chaan2
谯	chiu4
证	jing3
靨	yip6
习	jaap6
塾	suk6
麥	mak6
埆	gok3
浊	juk6
繅	sou1
揼	dam6
灴	hung4
銠	lou5
迢	tiu4
麩	fu1
南	naam4
逵	kwai4
恶	ngok3/ok3/wu3
萱	hyun1
灠	laam5
举	geui2
网	mong5
餿	sau1
毕	bat1
吳	ng4
苜	muk6
毀	wai2
攩	dong2/dong3
氢	hing1
屼	ngat6
啭	jyun2
禊	hai6
芫	yun4
齇	ja1
狰	jaang1/jang1
猻	syun1
补	bou2
毫	hou4
潠	seun3
芷	ji2
蘩	faan4
熒	ying4
鹺	cho4
姪	jat6
拫	hang4
鬻	yuk6
敬	ging3
泠	ling4
滔	tou1
萋	chai1
搖	yiu4
麈	jyu2
慧	wai6
暍	hot3
插	chaap3
礮	paau3
璆	kau4
铮	jang1/jaang1
襃	bou1
噫	yi1
筱	siu2
舅	kau5/kau3
灰	fui1
钃	suk6
杪	miu5
闓	hoi2
衿	gam1/kam1
裲	leung5
鋁	leui5
臑	yu4
頻	pan4
覃	taam4
樺	wa6
轎	giu2/giu6
楔	sit3
溦	mei4
嵝	lau5
緜	min4
祃	ma6
隮	jai1
預	yu6
褪	tan3
酇	jyun2
蜕	teui3/seui3
欺	hei1
鞹	kwok3
堙	yan1
隆	lung4
腌	yim1/yim1
褛	leui5
霧	mou6
粹	seui6
跑	paau2
叶	yip6
泒	gu1
冠	gun3/gun1
熠	yap1
馱	to4
鳥	niu5
竈	jou3
籸	saam2
豢	waan6
夭	yiu1
瞢	mung4
魋	teui4
枹	fu1
線	sin3
疲	pei4
钉	deng1
贕	duk6
爐	lou4
蟢	hei2
橼	yun4
匭	gwai2
鰣	si4
喃	naam4
飯	faan6
他	ta1
鏵	wa4
玠	gaai3
肌	gei1
蜜	mat6
樞	syu1
压	aat3/ngaat3
冰	bing1
赓	gang1
肝	gon1
柚	yau2/yau6
嗤	chi1
簞	daan1
卧	ngo6
戙	dung6
尟	sin2
爲	wai6/wai4
轞	laam6
鞚	hung3
價	ga3
衎	hon2
蓰	saai2
喥	dou6
驭	yu6
铳	chung3
趔	lit6
憯	chaam2
懸	yun4
恫	dung6
杲	gou2
摒	bing3
麼	mo1
柑	gam1
緗	seung1
感	gam2
湲	wun4/yun4
菽	suk6
鳆	fuk1
桡	naau4/yiu4
铍	pei1
磁	chi4
婦	fu5
倜	tik1
諑	deuk6
覆	fuk1/fau6
寡	gwa2
锟	gwan1
闢	pik1
糒	bei6
茫	mong4
遻	ng6
酝	wan3
赊	se1
偲	si1
鈷	gu2
颳	gwaat3
簽	chim1
颓	teui4
搲	wa2/we2
嗰	go2
崂	dang3
簌	chuk1
拓	tok3/taap3
槭	chik1
绿	luk6
缛	yuk6
垞	cha4
沴	leui6
鹪	jiu1
镓	ga1
齐	chai4
汕	saan3
嵐	laam4
狮	si1
驈	wat6
生	saang1/sang1
嫣	yin1
匀	wan4
凌	ling4
宿	suk1
湖	wu4
渣	ja1
瘻	lau6
鹗	ngok6
娀	sung1
瑀	yu5
餔	bou6
脸	lim5
诳	gwong2
溮	si1
齔	chan3
誚	chiu3
忘	mong4
儕	chaai4
娴	haan4
轡	bei3
滇	din1/tin4
辜	gu1
壢	lik6
漕	chou4
濬	jeun3
蟪	wai6
帣	gyun3
柘	je3
贴	tip3*1
諜	dip6
廪	lam5
佪	wui4
粥	juk1
蔹	lim4
蘄	kei4
泐	lak6
俣	yu5
囊	nong4
颺	yeung4
璩	keui4
惱	nou5
銼	cho3
隙	gwik1
耪	pong5
祗	ji1
挹	yap1
帗	fat1
頫	fu2
縐	jau3
賃	yam6
摸	mo2
惧	geui6
詰	gat1/kit3
邛	kung4
卤	lou5/lou5
菓	gwo2
鋰	lei5
袪	keui1
谊	yi4/yi6
败	baai6
颡	song2
鲦	tiu4
纂	jyun2
绍	siu6
鈣	koi3
啢	leung2
螳	tong4
-	a1
獯	fan1
骯	hong4
冗	yung2
撕	si1
鞑	taat3
韪	wai5
畛	jan2
泑	yau2
摽	piu1
娼	cheung1
炼	lin6
胼	bin1
騖	mou6
襼	ngai6
菜	choi3
蟺	sin5
迸	bing3
瘓	wun6
扼	ak1
鐩	seui6
贪	taam1
艣	lou5
钭	dau2
鮸	min5
踌	chau4
橫	waang4
耋	dit6
齯	ngai4
蛳	si1
詀	jip3
棼	fan4
訃	fu6
該	goi1
據	geui3
髂	ka3
禳	yeung4
遹	wat6
福	fuk1
餖	dau6
淹	yim1
闕	kyut3
奎	fui1
琰	yim5
軨	ling4
硜	hang1
私	si1
衹	ji2
掹	maang1/mang1
覿	dik6
樴	jik1
飙	biu1
甇	aang1
推	teui1
鋝	lyut3
覡	hat6
戳	cheuk3
殣	gan2/gan6
投	tau4
臉	lim5
樽	jeun1
儔	chau4
涴	wo3
勒	lak6
拑	kim4
螫	chik1/sik1
挠	naau4/naau5
墻	cheung4
虒	si1
讨	tou2
苈	lik6
寻	cham4
钹	bat6
紀	gei2/gei3
窮	kung4
嗀	hok6
堌	gu3
赜	jak3
碛	jaak3/jik1
伈	sam2
杼	chyu5
嵂	leut6
蟿	kai3
釀	yeung6
渼	mei5
綏	seui1
蹰	chyu4
脡	ting5
隍	wong4
計	gai3
讧	hung4
趱	jaan2
崩	bang1
镖	biu1
雳	lik1/lik6
擁	yung2
秠	pei1
壟	lung5
苔	toi4/toi1
踝	wa5
佃	din6/tin4
踔	cheuk3
壽	sau6
莛	ting4
氤	yan1
秫	seut6
掄	leun4
卉	wai2
汁	jap1
瘟	wan1
惦	dim3
归	gwai1
縋	zeoi6
觅	mik6
里	leui5/leui5/lei5/lei5
什	sam6/jaap6/sap6
鯛	diu1
捲	gyun2
忏	chaam3
鳟	chyun5/jyun1
怔	jing1
壳	hok3
鑣	biu1
嶄	jaam2
鄄	gyun3
覚	gaau3/gok3
嬉	hei1
祜	wu2
謨	mou4
澇	lou6
遊	yau4
輓	waan5
呖	lik6
闌	laan4
斟	jam1
鱓	sin5
呵	ho1
檮	to4
膆	sou3
啗	daam6
剞	gei1/gei2
睇	tai2
浓	nung4
诖	gwa3
饵	nei6
研	yin4
灼	jeuk3
瓚	jaan3
蒌	lau4
虩	gwik1
濛	mung4
齣	cheut1
倬	cheuk3
营	ying4
槢	jaap6
壤	yeung6
馃	gwo2
及	kap6
再	joi3
漏	lau6
雲	wan4
鸢	yun1
蛸	saau1/siu1
詞	chi4
魑	chi1
俏	chiu3
砂	sa1
胸	hung1
剔	tik1
虏	lou5
虓	haau1
閈	hon6
聵	kui2
贏	yeng4/ying4
糅	nau6/yau2
酬	chau4
櫨	lou4
扃	gwing1/gwing2
滌	dik6
辭	chi4
湋	wai4
毹	yu4
鉈	ta1/to4
芟	saam1
岍	hin1
儭	chan3
喏	ye5
薈	kui2/wai3/wui3
蕪	mou4
陨	wan5
犵	hat1
笃	duk1
询	seun1
骜	ngou4
醉	zeoi3
骏	jeun3
罶	lau5
與	yu5
瞳	tung4
剂	jai1
洶	hung1
绕	yiu5
胞	baau1
榄	laam5
篲	seui6/wai6
儀	yi4
楫	jip6
肉	yuk6
燹	sin2
库	fu3
淟	tin2
锋	fung1
垛	do2
莙	gwan1
脫	tyut3
韬	tou1
誤	ng6
豋	dang1
源	yun4
膺	ying1
灝	hou6
擲	jaak6
咤	ja1
旻	man4
襻	paan3
撮	chyut3
軻	o1
囚	chau4
坛	taan4
窠	fo1
俺	yim3
钸	bou3
魎	leung5
鷩	bit3
剧	kek6
軏	yut6
弓	gung1
倀	cheung1/chaang1
舐	laai2/lem2/saai5
肾	san5
陉	jing4
邺	yip6
詳	cheung4
醑	seui2
簷	sim4/yim4
澱	din6
饽	but6
鱆	jeung1
嫗	yu2
烹	paang1
蚂	ma5/ma1/ma6
锗	je2
者	je2
褴	laam4
諉	wai2
碑	bei1
庳	bei1
睅	hon6
幩	fan4
刓	yun4
湉	tim4
趣	cheui3
俳	paai4
锡	sek3/sik1
圯	yi4
犢	duk6
飾	sik1
絰	dit6
誹	fei2
赂	lou6
甘	gam1
緣	yun4
葠	sam1
疢	chan3
肚	tou5
肇	siu6/siu6
螃	pong4
坪	ping4
屠	tou4
象	jeung6
瘴	jeung3
薮	sau2
擴	kwong3/kong3/kwok3
样	yeung6
怫	fai3/fat6
辠	zeoi6
鷦	jiu1
牓	bong2
剋	hak1
龚	gung1
滑	waat6
门	mun4
奉	fung6
鎮	jan3
琅	long4/long4
罫	gwaai2/wa6
鑪	lou5
鑿	jok6
恩	yan1
禱	tou2
詒	yi4
窵	diu3
槐	wai4
駓	pei3
螓	cheun4
钮	nau2
欖	laam5
蟄	jat6
骊	lei4
襟	kam1
蟯	yiu4
箋	jin1
阁	gok3
帜	chi3
鬩	yik1
旯	lo1
彦	yin6
嶙	leun4
餍	yim3
鄔	wu1
好	hou2/hou3
崀	long4
肘	jau2
噓	heui1
鋨	ngo4
壁	bik1
钥	yeuk6
凿	jok6
练	lin6
纁	fan1
热	yit6
附	fu6
鶉	seun4
觝	dai2
懟	deui6/zeoi6
滘	gaau3
饃	mo4
硯	yin6
愍	man5
熤	yap1
刿	gwai3
蝸	wo1/wa1
躂	taat3/daat3
檴	wok6
颃	hong4
塤	hyun1
歙	kap1/sip3
智	ji3
墐	gan2/gan6
戎	yung4
埇	tung2
籊	dik6
矶	gei1
辆	leung2
浒	wu2
濂	lim4
型	ying4
橹	lou5
聹	ning4
蹺	kiu2/hiu1
诰	gou3
二	yi6
躦	jyun2
环	waan4
樸	pok3
入	yap6
勯	daan1
蝻	naam4
瞄	miu4
窪	wa1
齁	hau1
鑕	jat1
鋩	mong4
扭	nau2
厔	jat6
跧	chyun4
眛	mui6
彌	nei4/mei4
費	fai3
猷	yau4
农	nung4
沉	cham4
鶼	gim1
塞	sak1/choi3
癟	bit6
励	lai6
怼	deui6/zeoi6
荡	dong6/dong6
瑳	cho1
蠨	siu1
晔	yip6
笾	bin1
早	jou2
钿	din6/tin4
翦	jin2
刭	ging2
暧	oi3
瑢	yung4
疔	deng1/ding1
誇	kwa1
挢	giu2/giu6
攏	lung5
醱	put3
锯	geui3
苎	chyu5
餓	ngo6
玗	yu4
鄜	fu1
禚	jeuk3
癰	yung1
樠	mun4
郢	ying5
丘	yau1
鼠	syu2
鲥	si4
么	mo1/mo1
鎏	lau4
稹	jan2
俸	fung2/fung6
陣	jan6
衢	keui4
五	ng5
飶	bat6
褟	jip3
盖	goi3/koi3
迈	maai6
硕	sek6
异	yi6
賢	yin4
馵	jyu3
岛	dou2
舊	gau6
箔	bok6
诘	gat1/kit3
勷	seung1
苕	tiu4
睟	seui6
鴻	hung4
绥	seui1
罐	gun3
斃	bai6
少	siu2/siu3
拿	na4
心	sam1
嚓	chaat3
輯	chap1
鐲	juk6
酈	lik6
基	gei1
鮭	gwai1
鈾	yau4
铪	hap6
鶡	hot3
瀏	lau4
毖	bei3
昝	jaan2
集	jaap6
菴	am1
爹	de1
敵	dik6
劳	lou4/lou1
灤	lyun4
請	cheng2/ching2
笮	jaak6/jok6
劦	hip3
眅	paan1
庠	cheung4
縻	mei4
展	jin2
佘	se4
加	ga1
嚡	haai4
嘅	ge3
螢	ying4
螞	ma5/ma1/ma6
悶	mun6
猲	hot3
圪	gaak3
郾	yin2
的	dik1
濆	fan4/pan3
攜	kwai4
競	ging3
密	mat6
鏦	chung1
襛	nung4
親	chan1
覓	mik6
列	lit6
颠	din1
觌	dik6
簡	gaan2
却	keuk3
鳕	syut3
胁	hip3
繾	hin2
戥	dang2/dang6
窥	kwai1
覬	gei3
麀	yau1
獢	hiu1
骂	ma6
珲	wan4
绮	yi2
蜴	yik6
觩	kau4
皦	giu2
乡	heung1
筚	bat1
泔	gam1
雛	cho1/cho4
娭	oi1
缓	wun6
映	ying2
筅	sin2
騫	hin1
遰	dai6
蛛	jyu1
K	ke1
蟹	haai5
鼻	bei6
輈	jau1
消	siu1
臍	chi4
蓦	mak6
态	taai3
洱	yi5
殚	daan1
艘	sau1
纫	yan6
瀠	ying4
哨	saau3
憸	chim1
脯	fu2/pou2
鬈	kyun4
搶	cheung2
砫	chyu2/jyu2
蕎	kiu4
蝤	chau4/yau4
馬	ma5
雍	yung1
褓	bou2
窨	fan1/yam3
姍	saan1
牷	chyun4
譎	kyut3
錐	zeoi1
癸	gwai3
聪	chung1
蟨	kyut3
板	baan2/baan2
偏	pin1
啎	ng5
坋	ban3
酽	yim6
趿	taat3
适	sik1
垤	dit6
缦	maan6
霢	mak6
摇	yiu4
始	chi2
詬	gau2/hau2
堞	dip6
停	ting4
妁	jeuk3
缾	ping4
賸	sing6
怀	waai4
砥	dai1
銀	ngan4/ngan2
盧	lou4
獳	nau1
陶	tou4
悠	yau4
局	guk6/guk6/guk2
褱	waai4
铠	hoi2
蚖	yun4
電	din6
飽	baau2
餤	taam4
氹	tam5
夜	ye6
餉	heung2
朮	seut6
铭	ming4
惜	sik1
匿	nik1
聋	lung4
噞	yim2
閩	man4/man5
壿	chun1
蔬	so1
勖	huk1/yuk1
錨	maau4/naau4
霾	maai4
泉	chyun4
晁	chiu4
赇	kau4
帝	dai3
郜	gou3
纴	yam6
祚	jou6
暖	nyun5
蚣	gung1
缡	lei4
侜	jau1
仵	ng5
嬰	ying1
餵	wai3
糔	sau2
座	jo6
毁	wai2/wai2/wai2
篙	gou1
庄	jong1
揲	sip3
钺	yut6
胠	keu1
閂	saan1
祀	ji6
寥	liu4
炰	paau4
免	min5
嗲	de1/de2
祅	hin1
战	jin3
瘲	jung3
燔	faan4
琶	pa4
驯	seun4/cheun4
碡	duk6
餫	wan4/wan6
飕	sau1
睦	muk6
烜	hyun1
选	syun2
麻	ma4
忽	fat1
善	sin6
炎	yim4
绯	fei1
箎	chi4
诊	chan2
逃	tou4
疫	yik6
鞠	guk1
君	gwan1
晏	aan3
搎	syun1
朅	kit3
歪	me2/waai1
玖	gau2
咒	jau3
逋	bou1
枚	mui4
褕	yu4
誉	yu6
岧	tiu4
P	pi1
艄	saau1
節	jit3
彊	geung1/geung6/keung4/keung5
貯	chyu5
敲	haau1
璧	bik1
鏞	yung4
资	ji1
箯	bin1
駱	lok3
伧	chaang4/chong1
锁	so2
浮	fau4
髹	yau1
缜	jan2
嚆	hou1
蜱	pei4
蕨	kyut3
殯	ban3
期	kei4
坦	taan2
铢	jyu1
铷	yu4
鉅	geui6
驿	yik6
簨	seun2
總	jung2
堝	wo1
觊	gei3
姆	mou5
縶	jap1
迷	mai4
钏	chyun3
廾	gung2
鸩	jam6
銃	chung3
隃	yu4/yu6
鈥	fo2
辏	chau3
諠	hyun1
閃	sim2
搢	jeun3
签	chim1/chim1
嵯	cho1
沅	yun4
薤	haai6
蠜	faan4
厜	cheui1
倖	hang6
童	tung4
厅	teng1
袜	mat6
踏	daap6
纽	nau2
珮	pui3
侧	jak1
粒	lap1/nap1
呱	gwa1/gu1/gwa2
瀌	biu1
騵	yun4
亼	jaap6
殃	yeung1
鏘	cheung1
抽	chau1
涇	ging1
鲳	cheung1
蜩	tiu4
鵻	zeoi1/jeun2
鉗	kim4
闆	baan2
惛	fan1
摶	tyun4
能	nang4
銖	jyu1
皆	gaai1
盪	dong6
咩	me1
鳅	chau1
卄	ya6/ye6
緞	dyun6
公	gung1
藐	miu5
站	jaam6
韅	hin2
蓧	diu6
钴	gu2
菘	sung1
菼	taam2
屨	geui3
盏	jaan2
擖	kat6
殛	gik1
笈	kap1
浴	yuk6
護	wu6
佰	baak3
簿	bou6
憾	ham6
鸇	jin1
堡	bou2
軛	aak1/ngaak1
驵	jong2
騭	jat1
净	jing6/jeng6
严	yim4
庋	gei2/gwai2
賭	dou2
糈	seui2
霜	seung1
痿	wai2
袗	chan2
乍	ja3/jok3
棘	gik1
漈	jai3
錚	jang1/jaang1
肠	cheung4
鹑	seun4
礐	kok3
荜	bat1
纶	gwan1/leun4
雨	yu5
賅	goi1
诗	si1
臄	keuk6
鉦	jing1
茏	lung4
裎	ching4
搅	gaau2
玎	ding1
疡	yeung4
穩	wan2
瞏	king4
跐	chi2
鬮	gau1
藍	laam4
耙	pa4
盹	deun6
噗	pok3
稌	dou6
窕	tiu5
差	cha1/chaai1/chī
蛅	yim4
寮	liu4
晞	hei1
嗉	sou3/sou3
侄	jat6/jat6
髧	dam3
蟒	mong5
佌	chi2
饧	ching4
良	leung4
跚	saan1
皕	bik1
恬	tim4
鄆	wan6
枨	chaang4/chaam4/chaam5/chaan5
菸	yin1
肥	fei4
恼	nou5
抻	chan2
權	kyun4
钻	jyun1
沏	chai1
覦	yu4
崖	ngaai4
姜	geung1
绂	fat1
碧	bik1
鵲	cheuk3
祠	chi4
瘕	ha4
勉	min5
蓍	si1
绰	cheuk3
飼	ji6
辍	jyut3
傍	pong6/bong6
腜	mui4
儲	chyu5
瘩	daap3
饉	gan2
楎	fai1
鯽	jik1
皂	jou6
鬃	jung1
辔	bei3
闖	chong2/chong3
間	gaan1/gaan3
咳	kat1
憋	bit3
薌	heung1
補	bou2
瀨	laai6
荊	ging1
籲	yu6
壑	kok3
赴	fu6
哼	hang1
穄	jai3
廥	kwui2
賮	jeun2
娠	jan3/san1
